samp0,samp1,samp2,samp3,samp4,samp5,samp6,samp7,samp8,samp9,samp10,samp11,samp12,samp13,samp14,samp15,samp16,samp17,samp18,samp19,samp20,samp21,samp22,samp23,samp24,samp25,samp26,samp27,samp28,samp29,samp30,samp31,samp32,samp33,samp34,samp35,samp36,samp37,samp38,samp39
1439,1282,1607,1176,1263,1184,1052,851,752,383,507,248,51,-98,-303,-388,-853,-571,-965,-1028,-1548,-1489,-1656,-1724,-1626,-1738,-1559,-1612,-1193,-1384,-950,-565,-288,-306,89,208,747,415,1021,760
-1620,-999,-1374,-540,-644,74,-76,670,636,858,914,1315,1293,1301,1188,1148,1190,1134,1017,1324,1159,846,864,705,970,435,871,293,399,127,179,-255,-74,-399,-301,-822,-513,-928,-718,-731
-836,-806,-1171,-1207,-1194,-1381,-1459,-1339,-1397,-1250,-910,-866,-734,-135,-196,299,305,536,831,1103,1325,1093,1393,1475,1425,1390,1527,1402,1443,1018,1403,1155,1062,713,646,555,447,109,-116,-364
-210,-350,-569,-479,-232,-600,-258,-433,-202,-458,-636,-435,-733,-620,-725,-881,-870,-776,-601,-953,-762,-889,-647,-580,-435,-445,-397,-321,-490,-329,-389,-462,-258,-117,-84,77,370,647,812,899
915,725,1045,997,858,1232,933,936,868,1091,910,1056,787,1117,575,574,358,440,24,-222,-661,-826,-932,-1364,-1319,-1622,-1847,-1887,-1870,-1617,-1749,-1191,-1292,-907,-819,-464,-433,-269,120,50
608,829,795,1424,1156,1805,1456,1740,1713,1532,1332,1187,994,1085,555,525,214,487,26,-78,28,-273,-2,-269,-67,-199,1,-222,-441,-152,-475,-355,-515,-547,-693,-499,-807,-511,-875,-672
476,240,621,444,520,412,201,324,-82,206,-565,-403,-830,-855,-1232,-1365,-1366,-1611,-1362,-1672,-1243,-1569,-1075,-1167,-891,-863,-820,-302,-312,-105,-112,18,554,516,710,733,907,1189,1365,1302
-448,28,63,109,651,876,1063,1006,1661,1315,1931,1729,1978,1541,1786,1440,1480,892,1072,630,181,158,-211,-321,-385,-508,-926,-586,-1090,-729,-1146,-1112,-912,-1254,-1244,-1080,-1227,-935,-1051,-1019
1585,976,1759,1289,1767,1649,1906,1379,1638,1201,1134,984,384,302,-194,-314,-462,-524,-821,-788,-887,-834,-895,-962,-974,-824,-581,-818,-711,-757,-368,-642,-560,-663,-527,-559,-456,-624,-420,-540
-877,-1150,-1236,-1150,-1183,-1453,-1278,-1201,-935,-1118,-841,-796,-522,-301,19,-183,127,175,-46,-85,-10,-36,-50,-340,-126,-23,-59,70,57,267,123,531,420,829,823,1284,1102,1351,1177,1225
-1607,-862,-1889,-1487,-1767,-1604,-1632,-1437,-1277,-1341,-1021,-603,-448,-313,83,245,651,494,841,676,860,1009,817,683,664,471,602,533,596,581,256,596,577,484,715,451,795,436,836,451
-1012,-330,-572,173,-30,562,557,989,1161,1515,1452,1527,1347,1565,1060,1440,876,1096,723,404,522,85,413,125,215,199,-6,216,143,152,27,312,73,-76,-107,-48,-295,-340,-659,-625
536,339,874,692,1164,937,1085,1344,1015,1317,1286,1432,1374,1148,1379,986,1198,690,846,467,570,214,97,-200,-382,-608,-482,-729,-562,-747,-723,-598,-712,-586,-227,-196,-345,-96,-284,-384
-969,-665,-414,41,219,511,570,794,1068,1053,1153,1155,1360,1171,1372,792,897,738,689,608,520,406,414,350,532,290,310,223,375,207,108,98,160,31,111,-310,-329,-467,-382,-440
949,510,780,743,790,740,508,615,473,648,739,698,601,588,908,643,856,569,787,687,703,334,625,99,378,398,208,322,17,295,-57,305,-148,86,-201,-386,-458,-569,-848,-903
1244,671,1122,699,1035,978,1014,1077,693,813,504,257,184,-266,-386,-797,-988,-1336,-1304,-1758,-1597,-1806,-1905,-1528,-1836,-1209,-1388,-838,-1102,-402,-686,-97,-234,88,113,298,500,587,479,510
-415,-135,-608,-68,-686,-305,-389,-485,-736,-638,-797,-655,-1076,-1141,-1328,-1396,-1486,-1176,-1564,-1151,-1367,-882,-648,-484,-313,191,419,550,786,1215,1273,1423,1350,1584,1465,1403,1592,1182,1364,1156
399,598,950,1168,1051,1403,1453,1459,1470,1284,1356,1090,1250,1315,1137,953,741,718,757,420,306,56,135,-330,-138,-497,-500,-841,-968,-855,-865,-827,-896,-819,-740,-590,-781,-437,-566,-204
135,-393,-592,-997,-1063,-1393,-1309,-1602,-1651,-1617,-1832,-1454,-1566,-1458,-1099,-1115,-711,-652,-417,-240,179,123,382,271,434,224,520,250,612,611,611,492,611,772,645,880,547,722,746,785
-1623,-659,-1197,-747,-1022,-618,-399,-317,119,-75,160,262,510,276,646,382,529,358,177,16,41,350,40,459,391,450,466,711,758,817,1238,1264,1327,1279,1219,895,1216,669,755,612
-557,190,73,392,169,548,259,644,734,936,896,942,1119,818,1199,870,1082,999,702,768,682,657,545,307,318,-51,342,-77,196,-59,154,197,323,122,223,433,215,-8,-127,-243
-970,-929,-1256,-1384,-1397,-1472,-1516,-1359,-1326,-1211,-1384,-1318,-1184,-1055,-1073,-619,-408,-462,124,37,654,375,1029,1104,1286,1342,1536,1127,1513,1212,1275,939,850,586,595,412,281,255,46,69
-1069,-641,-1151,-878,-869,-893,-974,-940,-820,-858,-555,-745,-194,-423,-143,257,541,677,922,1076,1239,1670,1794,1817,1628,1831,1755,1417,1549,961,983,605,302,289,-7,-47,-556,-289,-519,-632
-538,-586,-547,-677,-683,-798,-604,-801,-948,-917,-929,-757,-929,-934,-608,-453,-188,-12,418,642,798,1056,1247,1341,1612,1553,1971,1728,1495,1475,1324,1280,1128,665,561,383,254,323,-239,15
1531,1162,1811,1313,1823,1280,1356,1394,1259,964,764,890,592,287,412,23,-205,-433,-261,-586,-639,-823,-1052,-1497,-1467,-1504,-1757,-1412,-1518,-1475,-1560,-1114,-952,-646,-471,-225,-231,-47,293,233
-1422,-813,-1437,-1262,-1728,-1254,-1594,-1224,-1349,-1163,-971,-747,-544,-491,-78,-86,77,145,429,480,613,381,487,405,355,287,108,355,324,375,414,562,546,608,765,878,786,836,990,769
-941,-588,-1061,-731,-1183,-1157,-1030,-1256,-1188,-1558,-1473,-1495,-1253,-1196,-1097,-933,-645,-536,162,71,738,673,1258,1110,1590,1579,1732,1588,1509,1560,1171,1349,1157,859,709,466,488,197,478,-1
1241,679,1274,711,1347,1101,1390,1241,1129,1004,1075,932,933,458,324,21,-131,-689,-674,-1193,-1025,-1468,-1602,-1528,-1620,-1767,-1536,-1746,-1276,-1232,-1001,-907,-431,-640,-285,-157,159,-118,236,116
1023,777,1083,1096,1266,1365,1288,1340,1275,1035,901,1072,617,660,451,199,-83,-158,-84,-456,-516,-275,-509,-368,-372,-295,-161,-116,-102,-123,-154,-104,-302,-348,-708,-707,-775,-828,-1289,-1096
-86,-266,88,-46,38,272,193,584,689,748,926,1190,1549,1524,1499,1772,1559,1713,1281,1214,981,941,439,345,-105,-306,-474,-592,-925,-899,-943,-1087,-1359,-1139,-1341,-1191,-1323,-1103,-1423,-1220
1583,297,1196,410,610,159,279,-98,-200,-536,-513,-706,-1062,-1022,-1378,-1058,-1286,-1240,-1208,-1203,-963,-640,-758,-342,-505,-382,-402,-82,-364,-176,-386,-42,-552,-175,-616,-349,-361,-248,-201,-343
307,-169,-45,-318,-434,-285,-452,-738,-780,-580,-779,-538,-937,-517,-585,-458,-493,-624,-260,-485,-474,-526,-427,-542,-859,-680,-870,-920,-951,-734,-644,-747,-489,-286,93,147,475,825,992,1194
-2025,-952,-1967,-1173,-1446,-1015,-1028,-327,-386,68,340,424,884,1220,1179,1377,1247,1700,1171,1313,1099,1204,1054,903,845,582,765,602,467,514,157,185,207,57,22,96,-163,-257,-210,-635
1737,1000,1801,1360,1764,1138,1425,1222,908,988,591,581,257,249,-75,-181,-477,-598,-627,-973,-880,-1063,-1239,-1368,-1488,-1700,-1570,-1520,-1289,-1341,-1087,-802,-750,-313,-403,-90,-92,441,98,436
1045,673,572,-6,-21,66,-199,-376,-277,-490,-313,-688,-319,-575,-616,-736,-651,-635,-675,-893,-905,-732,-816,-806,-652,-740,-587,-461,-356,-306,-468,-254,-310,-156,-351,-306,-266,-518,-223,-418
-1840,-1628,-1777,-1738,-1732,-1664,-1592,-1124,-1152,-644,-636,-118,-148,322,193,827,540,1008,618,1166,749,1241,804,1158,893,973,882,740,737,1027,713,791,538,589,699,470,401,88,232,-169
-511,-283,-104,-223,200,149,627,369,874,969,1226,1221,1497,1436,1898,1680,1727,1833,1375,1578,974,1008,709,519,234,-59,-524,-415,-832,-1053,-953,-994,-1184,-1108,-964,-842,-896,-792,-1006,-827
49,-98,-42,-136,-203,-39,-81,168,37,264,224,383,593,617,991,1052,1446,1369,1759,1542,1748,1383,1367,1276,1191,868,600,454,-203,-242,-527,-561,-1037,-769,-1400,-1173,-1400,-1233,-1139,-1243
-4,-468,-258,-430,-325,-716,-806,-1038,-1124,-1158,-1232,-1093,-1388,-1214,-1100,-1046,-892,-544,-441,-68,17,107,454,564,679,607,1065,879,1005,1064,1254,1350,1450,1505,1723,1408,1702,1150,1419,832
1418,875,1320,1316,1037,1337,849,1111,654,732,363,289,30,100,-194,-11,-107,-145,19,151,26,314,166,324,227,266,-70,-251,-219,-464,-385,-916,-842,-1275,-1298,-1302,-1137,-1486,-1371,-1345
656,-23,273,-229,145,29,160,-37,31,136,223,233,-124,65,-250,-292,-499,-281,-814,-623,-907,-858,-963,-786,-1080,-885,-883,-989,-1110,-1024,-741,-882,-1044,-828,-701,-783,-724,-466,-281,184
383,735,399,518,702,289,431,198,279,155,75,-183,4,-96,-182,-179,-331,-314,-457,-610,-539,-1009,-921,-1196,-1259,-1202,-1306,-1548,-1461,-1271,-1557,-1267,-1049,-994,-621,-329,-119,338,642,856
-1796,-1173,-1600,-1037,-1075,-1023,-740,-592,-448,14,222,322,791,719,1234,1134,1242,1262,1268,1200,955,1104,570,881,652,541,323,391,335,356,139,370,445,359,318,562,467,435,195,426
-833,-472,-219,-80,167,347,459,759,1051,1362,1159,1411,1589,1490,1455,1197,1102,835,765,630,587,320,233,3,-65,205,-165,262,-238,13,204,220,-72,200,-140,41,-16,-359,-275,-543
1728,849,1590,1580,1435,1296,1254,1310,1091,1006,557,819,459,579,53,341,-105,138,25,264,-108,-22,-162,67,39,-271,-298,-362,-464,-375,-420,-769,-435,-565,-825,-424,-624,-806,-631,-780
222,-198,-63,-360,-57,-192,-150,-233,-90,-286,-302,-392,-408,-408,-553,-485,-559,-836,-627,-650,-619,-793,-909,-545,-848,-761,-718,-584,-616,-870,-803,-767,-580,-716,-538,-551,-66,-63,128,322
445,344,786,344,955,361,976,750,957,496,917,671,615,708,358,447,530,371,376,687,542,500,387,701,207,616,-10,183,11,-182,-379,-892,-836,-1210,-1477,-1528,-1614,-1607,-1799,-1593
-751,-793,-928,-1043,-935,-975,-1008,-989,-967,-812,-833,-900,-624,-828,-652,-339,-656,-386,17,-91,407,453,723,838,1114,1255,1625,1811,1918,1837,1593,1594,1565,1281,1115,1065,687,401,-10,-258
1002,339,302,151,-31,-376,-362,-488,-609,-1055,-1077,-1282,-1250,-1434,-1332,-1714,-1590,-1684,-1313,-1713,-1203,-1422,-972,-886,-374,-223,7,420,277,684,695,899,924,1186,1251,1196,1102,881,912,717
-203,66,-599,-249,-486,-814,-826,-1267,-1045,-1386,-1487,-1732,-1511,-1714,-1376,-1434,-1194,-890,-758,-489,-80,266,178,711,793,981,1368,1036,1482,1321,1424,1216,1367,1208,1349,997,1133,789,893,602
-1379,-569,-993,-528,-960,-424,-565,-292,-279,15,129,365,600,581,707,857,625,696,641,718,646,594,332,623,119,380,106,294,597,443,485,634,673,1033,651,938,734,834,721,550
-320,169,166,817,681,1054,1097,1620,1613,1780,1847,1765,1714,1725,1359,1279,1069,893,513,450,127,-218,-136,-762,-426,-854,-625,-696,-683,-969,-707,-1086,-771,-778,-695,-839,-665,-778,-939,-723
-684,-872,-1155,-1136,-1181,-939,-1081,-1138,-918,-1227,-1051,-842,-915,-881,-937,-749,-852,-613,-714,-524,-170,-109,124,-75,251,272,280,186,170,209,461,243,372,335,306,364,340,339,642,489
591,430,544,544,566,621,415,449,287,551,113,423,257,539,140,696,646,648,898,913,1191,1036,1033,1154,865,982,774,611,586,189,87,-101,-241,-452,-502,-594,-1037,-719,-1290,-1122
1702,792,1665,714,1132,616,978,560,278,122,141,-212,-520,-719,-1034,-1012,-1456,-1250,-1690,-1292,-1674,-1269,-1382,-1248,-886,-919,-687,-303,-173,-191,-12,-158,114,-84,-90,119,-163,119,-210,-44
588,832,845,1377,1268,1385,1511,1306,1552,1273,1533,1304,1439,880,1364,944,1092,591,556,583,306,94,-305,-219,-394,-500,-1048,-905,-1177,-960,-1138,-935,-626,-885,-656,-434,-311,-524,-385,-284
1884,1431,1602,1395,1613,1218,1255,1081,734,887,478,449,169,29,-131,-581,-421,-912,-920,-863,-978,-1395,-1481,-1353,-1717,-1615,-1368,-1493,-1296,-1116,-903,-1010,-480,-292,-253,50,147,550,250,712
574,568,709,473,377,388,575,688,766,670,788,652,728,646,523,350,331,180,442,32,201,75,14,28,-417,-223,-216,-452,-304,-680,-655,-1003,-821,-1250,-1110,-1366,-1481,-1649,-1424,-1544
463,-612,-124,-723,-704,-1003,-1081,-1062,-1344,-1283,-1228,-804,-1196,-698,-628,-524,-486,-376,-471,-92,-433,-199,-355,-536,-598,-345,-548,-550,-451,-718,-342,-554,-304,46,100,225,282,780,757,666
314,-70,-67,-605,-552,-1187,-1183,-1489,-1620,-1579,-2025,-1753,-1698,-1512,-1737,-1334,-1116,-1061,-504,-347,-297,72,88,371,437,795,432,771,779,873,633,840,572,666,913,854,684,692,696,751
558,458,909,984,1010,1253,1305,1259,1658,1302,1615,1328,1497,1203,1057,1003,440,621,-242,-13,-834,-467,-1204,-989,-1234,-1400,-1293,-1561,-1405,-1539,-1365,-928,-920,-836,-637,-768,-661,-481,-482,-515
-785,-961,-837,-640,-434,-764,-355,-397,-16,-238,264,64,177,248,430,444,554,436,474,461,386,603,243,566,184,687,255,559,578,600,810,929,1283,993,1446,1201,1075,915,844,517
1524,809,780,347,94,-17,-381,-576,-1089,-979,-1129,-1263,-1354,-1347,-1301,-1312,-1470,-1123,-1444,-1019,-999,-982,-927,-686,-653,-499,-262,-218,99,210,107,492,470,627,910,814,1096,760,764,968
-903,-156,-849,-464,-476,-713,-585,-663,-460,-587,-455,-649,-545,-511,-53,-281,116,41,124,82,106,350,115,481,394,507,629,607,715,946,1092,1202,1169,1570,1468,1304,1642,1405,1175,1089
-1924,-901,-1743,-1121,-1436,-1108,-1142,-488,-582,-1,-204,243,479,762,977,1082,1204,1451,1478,1548,1183,1578,1287,1234,1323,1188,1107,899,1111,557,882,173,536,-102,53,-506,-364,-694,-966,-1095
584,246,1027,788,1084,1365,1301,1607,1453,1221,1240,1255,1084,985,583,830,502,416,460,394,487,465,118,138,248,306,-61,158,-145,-150,-128,-337,-557,-327,-345,-720,-497,-626,-346,-776
-733,-1108,-794,-1138,-1267,-1168,-1468,-1184,-1384,-1395,-1453,-1077,-1064,-873,-1196,-741,-776,-586,-430,-363,22,42,688,513,1002,934,1250,1439,1621,1506,1592,1606,1314,1288,1136,994,572,709,200,362
927,309,330,-158,-77,-370,-524,-726,-990,-883,-1124,-1147,-1348,-1118,-1362,-1190,-1461,-1140,-1190,-1028,-1013,-1171,-903,-785,-665,-123,-183,224,318,550,360,658,413,819,637,705,478,449,277,366
79,369,292,552,459,779,505,602,721,609,681,818,495,561,506,366,373,469,401,611,500,811,502,612,571,730,507,599,395,18,13,-242,-560,-661,-818,-1195,-1473,-1653,-1586,-1646
-258,-298,167,52,612,368,931,830,1126,1059,1318,1154,1167,977,1153,606,586,727,421,418,115,157,223,328,266,420,277,394,675,303,620,318,625,132,341,53,-97,-411,-562,-421
-1012,-994,-1159,-1289,-1362,-1272,-1055,-1060,-987,-723,-957,-300,-713,-203,-517,-245,-345,-357,-159,-330,-539,-520,-527,-322,-484,-328,-172,-296,-204,137,320,194,734,435,839,617,1023,815,1202,1144
-532,-312,-870,-620,-897,-1038,-1114,-1221,-1282,-1296,-1334,-1152,-1269,-1100,-1247,-1307,-865,-1098,-553,-874,-445,-436,-4,-90,370,376,595,454,584,395,388,483,242,210,66,362,-6,196,379,244
1979,1353,1611,1481,1354,1268,1157,951,892,734,297,579,62,156,-165,-143,-655,-797,-1016,-1174,-1249,-1415,-1540,-1628,-1482,-1612,-1188,-1339,-1088,-859,-810,-631,-368,-92,140,256,76,389,148,467
1020,1153,1103,1329,1145,1346,1449,1219,1437,1453,1154,1356,1049,1100,946,970,767,366,211,272,-240,-195,-479,-810,-751,-1140,-1040,-1219,-992,-1012,-1180,-882,-768,-748,-334,-471,-346,-308,-186,-149
-1058,-776,-627,-624,-584,-84,-257,-165,10,-54,338,125,289,-58,-8,-119,166,29,-155,-50,15,160,133,697,622,836,1022,1165,1343,1290,1602,1213,1546,1258,1243,1025,828,790,406,408
579,298,158,65,-308,-414,-386,-711,-712,-1047,-986,-1173,-1106,-1241,-1641,-1533,-1577,-1565,-1636,-1334,-1522,-965,-1190,-535,-635,-231,3,275,828,868,1085,1187,1128,1105,1227,1216,1033,940,714,943
914,1071,1135,1249,1298,1225,1151,971,974,606,673,337,374,173,164,53,4,-81,-134,-93,90,-19,175,18,205,156,-64,-99,59,-356,-420,-832,-655,-978,-1110,-1323,-1349,-1152,-1346,-1148
1683,906,1730,1039,1380,1149,1337,1167,1336,1048,1039,884,750,230,408,17,-394,-516,-745,-528,-855,-747,-1052,-663,-776,-893,-650,-535,-615,-396,-295,-271,-542,-275,-337,-310,-552,-830,-815,-900
-869,-601,-676,-379,-477,-316,-214,-343,-447,-326,-385,-683,-571,-589,-832,-1003,-1086,-722,-854,-751,-646,-769,-473,-267,-88,-74,316,389,516,534,772,841,737,867,1096,1218,1247,1293,1210,1539
-1580,-562,-1615,-972,-1284,-1212,-1250,-1122,-883,-1049,-721,-799,-807,-727,-489,-517,33,66,349,433,851,942,984,1357,1397,1658,1729,1942,1674,1623,1589,1478,1270,1012,504,447,246,-206,-99,-425
1859,826,1446,865,728,449,187,2,-499,-735,-811,-1081,-1370,-1546,-1647,-1625,-1520,-1519,-1211,-1386,-1213,-967,-946,-667,-363,-581,-113,-376,-86,20,-52,-141,25,324,289,295,321,343,429,660
-755,-534,-624,-261,-487,-216,-277,-103,-56,-211,222,-188,463,218,367,137,309,329,415,352,615,489,499,637,1027,822,1101,1221,1348,1215,1562,1200,1231,1028,944,817,692,315,-104,-252
72,259,182,760,466,1043,984,1265,1255,1381,1630,1607,1456,1341,1244,1413,1084,761,762,569,87,224,-30,-190,-360,-351,-349,-306,-501,-230,-502,10,-367,-230,-69,-200,-113,-442,-476,-594
931,486,953,861,950,670,647,644,513,650,326,564,79,468,88,-105,-154,-266,-450,-653,-567,-956,-823,-1433,-1386,-1632,-1621,-1616,-1895,-1604,-1799,-1468,-1161,-1060,-851,-406,-79,72,668,399
1032,904,1312,1148,1353,1426,1252,1171,980,978,468,488,-59,13,-575,-293,-766,-806,-953,-1053,-1406,-1387,-1272,-1394,-1258,-1262,-1367,-1223,-1483,-1011,-1083,-931,-1024,-630,-296,-208,-44,323,314,924
1877,1570,1906,1645,1821,1551,1193,1150,604,598,268,262,-285,-161,-529,-245,-660,-333,-754,-461,-688,-594,-734,-859,-1020,-920,-923,-811,-845,-662,-1049,-759,-882,-526,-466,-207,-410,26,-250,-84
-458,-431,-644,-295,-642,-433,-790,-647,-660,-847,-777,-447,-822,-581,-636,-444,-451,-708,-523,-536,-858,-885,-698,-962,-759,-643,-522,-285,-108,-8,394,688,785,1146,1408,1626,1562,1620,1641,1546
-1931,-943,-1917,-1435,-1676,-1325,-1261,-1217,-823,-668,-220,-93,350,360,630,945,1349,1185,1642,1495,1585,1344,1398,1189,1207,1004,867,782,780,547,469,263,207,406,83,133,-57,219,-122,48
993,612,600,248,95,0,-370,-146,-746,-557,-886,-821,-1165,-832,-1451,-999,-1238,-1178,-1414,-1376,-1079,-1327,-906,-1033,-638,-575,-177,-298,219,264,349,490,322,277,260,434,277,152,177,182
844,496,321,385,275,230,169,12,-161,-107,-553,-267,-667,-402,-644,-434,-591,-468,-580,-508,-301,-624,-455,-643,-565,-785,-679,-1150,-1115,-1172,-1309,-1009,-1350,-1106,-1021,-617,-462,-423,-22,129
630,275,262,152,-218,-374,-609,-1011,-1318,-1266,-1656,-1722,-1952,-1622,-1663,-1769,-1318,-1481,-1179,-858,-706,-482,-17,-249,80,504,378,558,459,568,648,802,692,934,748,1061,1095,760,867,796
-159,-257,-519,-247,-762,-477,-935,-551,-791,-933,-896,-839,-1087,-910,-1121,-812,-864,-818,-525,-790,-380,-464,-292,-352,-184,-245,160,-256,86,-300,-75,-240,-124,-111,-168,52,-39,351,315,541
-1157,-666,-1269,-1167,-1263,-1116,-1120,-1381,-970,-1492,-1132,-999,-1099,-881,-648,-589,-497,-322,-193,246,304,492,315,555,312,692,132,503,12,177,192,165,217,359,215,530,440,604,953,791
1271,1132,1353,1123,976,958,608,163,165,-346,-576,-990,-992,-1539,-1548,-1433,-1562,-1512,-1727,-1646,-1473,-1426,-1106,-1153,-735,-651,-274,-337,-78,36,79,-76,160,289,455,529,499,603,832,920
-987,-58,-662,-553,-352,-377,-500,-656,-577,-481,-621,-744,-941,-969,-1084,-896,-939,-1271,-989,-803,-887,-448,-456,119,-127,641,606,1186,1008,1426,1506,1534,1573,1662,1562,1385,1398,1067,1119,1065
1291,1291,965,1064,979,659,768,460,407,210,-5,96,11,212,-163,181,-28,283,426,288,381,286,381,169,-222,39,-320,-476,-799,-849,-1054,-1338,-1263,-1218,-1388,-1439,-1451,-1245,-992,-979
836,409,876,272,640,113,327,59,411,242,-8,192,171,-185,50,-161,-160,-527,-520,-620,-847,-1195,-1257,-1270,-1680,-1549,-1687,-1532,-1756,-1396,-1284,-1150,-947,-534,-225,125,284,370,934,778
-799,-48,-562,-91,-133,56,85,3,334,44,88,5,-19,48,69,104,39,-52,207,56,421,718,752,1114,981,1221,1344,1364,1213,1412,1180,974,1125,945,613,438,327,308,-42,195
-50,97,-491,-300,-400,-482,-334,-478,-385,-461,-614,-422,-763,-428,-694,-471,-581,-872,-709,-589,-678,-850,-802,-495,-748,-386,-773,-472,-393,-448,-364,-197,-465,-230,-421,-23,-465,-79,30,277
-1476,-957,-1128,-626,-819,-314,-554,-160,-40,119,277,417,703,995,778,1270,1153,1343,1584,1388,1537,1395,1447,1178,1067,1004,471,716,192,255,-351,-99,-563,-259,-631,-399,-537,-417,-309,-240
-248,-52,278,346,798,898,1190,860,1213,1199,1385,1409,1462,1320,1474,1379,1117,1288,1165,1018,886,624,615,388,61,-8,-526,-331,-620,-746,-982,-912,-819,-817,-846,-784,-692,-584,-541,-310
-816,-672,-945,-795,-700,-569,-398,-717,-459,-553,-265,-658,-250,-671,-281,-797,-806,-893,-851,-1020,-1037,-1030,-699,-820,-481,-184,-117,379,383,647,770,940,1339,1262,1401,1309,1761,1208,1763,1050
-886,-418,-750,-745,-559,-821,-545,-889,-683,-580,-557,-651,-663,-324,-201,72,-62,593,308,790,1072,1224,1367,1656,1592,1734,1748,1572,1589,1588,1028,982,810,677,182,138,-354,-446,-418,-736
-1062,-914,-1235,-973,-901,-1121,-856,-755,-747,-683,-501,-750,-240,-568,-100,58,59,163,76,525,223,674,165,660,86,365,254,249,413,414,460,418,615,440,633,982,924,1181,1233,1096
277,1049,986,1132,1247,1401,1789,1671,1494,1695,1530,1502,1245,821,931,499,766,207,128,15,-307,-302,-450,-491,-765,-1078,-1114,-1153,-1426,-1169,-1381,-1480,-1385,-1356,-1266,-991,-868,-766,-535,-185
783,414,783,940,1087,882,1221,865,1117,1252,1186,1332,1043,1229,935,901,1030,574,821,140,302,-281,-318,-895,-744,-1249,-1409,-1643,-1622,-1831,-1537,-1912,-1575,-1362,-1136,-900,-1071,-555,-674,-305
707,173,393,188,286,-325,-297,-789,-683,-1126,-1271,-1417,-1795,-1502,-1693,-1772,-1759,-1701,-1502,-1194,-1054,-881,-561,-309,-195,341,276,496,446,650,777,933,834,1066,842,967,1134,1031,1342,897
618,303,497,66,260,-315,-95,-699,-581,-930,-1150,-1261,-1485,-1453,-1981,-1546,-1739,-1474,-1846,-1316,-1432,-887,-801,-516,32,48,190,404,593,751,718,832,1055,1092,925,983,1155,1131,888,1291
105,443,349,593,509,865,799,1024,1017,1212,1158,1073,1018,784,817,706,471,520,218,41,-116,-259,-293,-508,-419,-914,-747,-980,-1174,-1494,-1370,-1710,-1619,-1480,-1611,-1580,-1535,-1082,-1044,-746
-466,-257,-183,-347,-61,161,410,633,957,1147,1172,1395,1736,1681,1915,1767,1506,1763,1119,1164,1075,850,468,122,-179,-235,-676,-397,-1015,-767,-854,-1102,-1183,-1090,-1309,-1188,-1399,-1037,-1466,-917
767,516,893,282,730,386,190,351,92,138,-316,-44,-276,-374,-417,-565,-603,-881,-743,-1172,-991,-1305,-1257,-1191,-1472,-1137,-1422,-1101,-1379,-934,-1250,-555,-631,1,38,256,721,1016,1255,1203
1223,991,793,360,258,-142,97,-393,-302,-284,-519,-286,-388,-654,-491,-448,-610,-721,-517,-858,-642,-744,-590,-777,-883,-670,-830,-666,-697,-587,-546,-337,-289,-558,-117,-591,-64,-443,-354,-517
1473,1182,1561,1323,1464,1355,1494,1066,1277,774,641,539,479,393,306,275,299,209,315,38,110,210,-51,29,34,-30,-122,-218,-482,-478,-501,-550,-800,-468,-708,-775,-817,-758,-796,-554
515,181,661,500,598,280,602,292,665,529,714,593,829,897,1225,1247,1231,1066,1198,865,839,628,605,106,-3,-112,-562,-873,-952,-1084,-1445,-1325,-1775,-1277,-1657,-1232,-1651,-1306,-1437,-934
1780,546,1449,760,854,515,198,101,-96,-443,-749,-586,-954,-854,-1259,-951,-1213,-1113,-1190,-911,-916,-414,-553,-198,-639,1,-612,-24,-449,-242,-509,-491,-513,-701,-652,-690,-353,-545,-235,-238
91,238,563,847,997,1180,1427,1184,1727,1511,1619,1498,1473,1227,1142,818,526,412,429,-5,69,-188,-425,-469,-718,-732,-1120,-1228,-1315,-1200,-1534,-1414,-1332,-1402,-1574,-1236,-1390,-1202,-873,-942
1923,853,1220,701,665,227,138,30,-464,-395,-637,-830,-929,-936,-979,-1138,-964,-897,-1173,-912,-1006,-877,-922,-959,-988,-623,-884,-547,-437,-308,-342,-183,-93,46,267,203,291,16,223,192
495,-36,234,-328,-276,-411,-520,-756,-645,-754,-915,-967,-718,-1142,-875,-1118,-788,-933,-1047,-783,-794,-865,-723,-671,-274,-441,-55,-172,138,3,-41,-54,134,179,3,-143,131,-217,76,-42
1174,574,771,377,233,156,-253,-123,-267,-332,-307,-367,-267,-477,-694,-672,-742,-668,-812,-778,-883,-748,-919,-607,-785,-554,-702,-346,-591,-230,-568,-164,-509,-502,-383,-782,-294,-506,-563,-506
-1498,-1108,-1269,-1392,-1176,-1336,-1112,-1240,-769,-1089,-581,-586,-305,-46,61,373,362,277,305,503,447,253,311,332,38,134,-61,222,138,418,270,586,501,715,1014,1182,1126,1116,1078,1151
1726,1128,1229,861,838,298,206,-182,-456,-748,-487,-1129,-902,-1096,-748,-1019,-835,-982,-1150,-1051,-855,-1113,-735,-889,-699,-987,-470,-859,-414,-553,-50,-476,21,-113,229,-7,419,36,442,290
353,-114,125,-666,-342,-998,-1138,-1113,-1538,-1589,-1492,-1386,-1434,-1323,-1176,-981,-718,-587,-475,-155,-369,98,-131,26,-2,127,-163,47,55,73,-133,-93,132,-88,157,281,431,362,543,787
1953,1343,1510,1182,999,1038,677,207,-16,-45,-346,-530,-858,-852,-951,-990,-1288,-1157,-1096,-1397,-1022,-1205,-1338,-1292,-1212,-1213,-999,-1100,-769,-759,-343,-115,-157,212,125,429,485,407,631,605
-356,55,208,525,727,1118,1382,1252,1537,1627,1539,1640,1286,1582,1104,1504,1124,909,875,837,535,264,140,236,-142,-357,-537,-439,-757,-1046,-913,-1266,-1291,-1389,-1206,-1239,-984,-1066,-779,-865
-752,-503,-311,-573,-271,-582,-194,-467,-316,-406,-404,-466,-134,-382,-256,-79,-270,82,95,241,344,448,661,646,505,601,683,701,781,860,780,1087,813,1021,1243,1197,1040,1077,1246,921
-32,451,416,344,658,533,850,916,983,737,1193,974,1059,951,1035,1266,1106,1194,1253,1224,863,972,542,533,190,-125,-410,-859,-1104,-1087,-1338,-1583,-1696,-1586,-1701,-1790,-1638,-1536,-987,-1004
2084,1057,1523,1166,1151,652,623,400,283,-87,-216,-288,-568,-385,-837,-734,-703,-1127,-1037,-1116,-1166,-967,-1052,-1188,-909,-947,-1034,-705,-525,-433,-247,-386,-196,166,142,275,-15,119,55,195
551,448,544,745,437,589,376,715,619,446,705,466,1032,672,898,985,978,1227,949,1056,1083,654,647,566,101,53,-453,-687,-995,-1310,-1295,-1407,-1665,-1469,-1688,-1523,-1696,-1334,-1455,-916
433,-261,-194,-627,-574,-1148,-996,-1507,-1471,-1451,-1618,-1333,-1386,-1275,-1510,-1273,-1313,-1081,-783,-560,-564,-334,-275,-170,244,91,570,676,1043,884,1362,1209,1551,1593,1570,1359,1590,1429,1372,1032
108,-135,-369,-695,-1072,-1117,-1579,-1277,-1877,-1487,-1829,-1621,-1599,-1346,-1234,-892,-1089,-611,-715,-449,-209,-108,-99,62,-8,92,272,87,564,489,527,437,842,435,888,771,743,727,669,611
360,781,643,784,648,418,326,236,228,475,289,531,207,357,570,618,593,952,1126,893,1159,1241,1162,911,878,638,694,344,26,-148,-117,-664,-768,-795,-1214,-1241,-1017,-1522,-1029,-1701
1252,571,1327,912,1225,747,1096,884,781,555,529,480,342,381,158,195,400,386,273,752,525,802,783,648,725,678,372,324,186,-290,-214,-764,-509,-1134,-900,-1252,-1282,-1475,-1405,-1268
478,-392,184,-26,143,117,189,229,221,402,596,840,607,1044,950,1250,1039,1212,1049,1062,863,949,953,751,706,614,437,132,437,-191,-77,-235,-494,-539,-874,-1087,-1174,-1470,-1307,-1915
-441,-1354,-727,-1040,-829,-819,-640,-740,-521,-746,-513,-573,-242,-115,-85,1,191,330,494,449,611,882,1187,1145,1667,1658,1547,1931,1686,1726,1626,1345,1223,689,910,389,173,-208,-465,-726
1128,506,723,559,723,444,264,188,329,92,224,74,-230,-128,-202,-607,-515,-600,-444,-664,-838,-432,-685,-355,-638,-595,-565,-330,-420,-368,-698,-452,-943,-756,-1024,-1035,-1113,-950,-1065,-665
721,636,856,668,1053,799,521,603,524,367,-146,36,-459,-596,-857,-879,-800,-990,-1139,-1161,-1167,-1250,-1224,-1275,-1295,-1087,-1209,-1327,-965,-1009,-762,-569,-644,-342,-138,104,361,755,1042,1414
-1479,-209,-805,25,-113,261,289,588,1039,1041,1282,1174,1565,1333,1273,1233,1316,1407,1384,1125,1370,1131,1003,1003,791,603,300,200,10,-511,-536,-808,-703,-927,-1230,-1121,-934,-1273,-928,-812
1089,437,766,525,659,506,178,458,76,290,-179,52,-60,-283,-217,-102,59,-210,127,-300,-232,-221,-483,-533,-629,-977,-938,-1313,-1222,-1520,-1478,-1358,-1475,-1411,-1366,-1153,-998,-647,-573,-4
48,-217,-263,-322,-409,-255,-426,-222,-224,-36,-183,-28,39,-322,-34,-664,-339,-979,-827,-1089,-1028,-1243,-1190,-1584,-1125,-1515,-1215,-1004,-913,-633,-335,-345,187,-66,543,569,705,866,1145,1101
157,156,-204,287,-334,11,-103,188,331,476,374,831,808,945,1230,982,1414,1114,1513,1299,976,1287,806,996,448,391,393,251,238,-46,-123,-317,-693,-576,-831,-1176,-1028,-1218,-1421,-1510
600,-366,161,-184,-314,-171,-242,-109,-351,-301,-495,-455,-381,-672,-335,-781,-762,-620,-886,-526,-706,-570,-723,-448,-653,-520,-609,-606,-584,-565,-452,-416,-518,-719,-398,-502,-339,-376,-125,-124
860,676,665,864,745,927,503,836,752,899,921,711,691,626,791,513,609,261,297,319,331,31,128,73,280,148,292,179,48,-29,-172,-8,-199,-532,-577,-864,-1152,-1191,-1604,-1292
-1026,-1093,-1047,-979,-900,-677,-673,-368,-517,-155,-322,194,30,555,473,1107,1116,1332,1227,1723,1675,1757,1726,1647,1678,1282,1323,1003,749,497,364,118,-129,-293,-822,-452,-1045,-863,-891,-912
-35,-404,140,284,642,710,865,948,1035,1312,1284,1324,1246,1405,1013,1508,918,1285,1053,1276,708,898,776,686,336,-44,-98,-301,-634,-1093,-984,-1485,-1579,-1814,-1801,-1489,-1565,-1467,-1416,-1297
84,15,873,525,1071,1087,1540,1306,1617,1755,1690,1363,1474,1397,1229,977,878,823,770,499,374,-57,135,-252,-157,-651,-398,-739,-791,-1230,-999,-1218,-1371,-1264,-1141,-1271,-1011,-1068,-827,-580
-531,-241,-291,101,-102,505,334,612,482,625,452,801,308,554,432,171,216,460,301,475,158,446,583,637,880,973,1031,946,1223,977,1195,1026,958,705,347,339,-55,-138,-602,-442
-101,-256,-548,-836,-688,-1088,-799,-1099,-1059,-901,-863,-1019,-977,-896,-794,-958,-970,-947,-901,-545,-545,-442,-677,-202,-428,24,39,-83,298,81,453,-24,203,96,110,355,100,450,95,394
1203,1084,1054,558,636,251,-118,-238,-416,-455,-866,-926,-1025,-1065,-1029,-868,-603,-764,-664,-327,-490,-424,-193,-523,-302,-353,-502,-728,-558,-637,-918,-672,-805,-562,-558,-700,-374,-128,-217,207
1377,1119,1222,1144,1327,1129,1052,849,857,420,153,-192,-452,-710,-726,-1188,-1033,-1387,-1494,-1558,-1304,-1392,-1221,-1275,-1451,-1058,-1344,-752,-1021,-605,-961,-422,-450,-220,105,32,609,375,881,979
375,828,645,811,1199,1393,1244,1717,1547,1723,1498,1395,1354,943,885,647,463,-54,26,-532,-418,-1062,-925,-945,-1105,-1312,-1339,-1405,-1159,-1256,-1191,-1382,-1147,-1390,-1094,-1162,-985,-724,-679,-184
682,402,668,27,189,-242,-20,-459,-852,-720,-1052,-1216,-1543,-1803,-1541,-1787,-1536,-1625,-1486,-1445,-1108,-776,-605,-236,-406,84,36,656,476,875,427,900,454,999,645,696,472,774,397,607
-705,-180,-201,-6,19,-32,-25,35,448,444,577,537,335,531,660,690,682,583,725,429,670,603,400,441,838,701,642,1063,645,902,1001,793,796,780,737,629,376,65,-427,-383
-161,-265,-793,-766,-882,-1030,-957,-1151,-1440,-1119,-1180,-1426,-1116,-1206,-1232,-1000,-916,-974,-816,-566,-603,-245,-304,371,95,786,848,1224,1093,1593,1319,1895,1655,1598,1831,1316,1460,1200,1144,668
-577,-774,-899,-1039,-1048,-1184,-1293,-1463,-1322,-1319,-1632,-1374,-1245,-1236,-1312,-956,-758,-606,-409,-208,-31,287,364,632,928,676,981,861,981,717,1017,604,561,429,576,463,456,220,576,212
738,143,319,-191,-131,-277,-157,-304,-338,-556,-715,-706,-751,-880,-752,-770,-815,-814,-893,-1030,-651,-723,-533,-595,-534,-267,-476,-204,-234,-411,-360,-270,-293,-246,-256,-241,-541,-132,-279,96
-398,-10,-249,-161,-105,-218,51,-255,16,-451,-566,-636,-686,-753,-980,-1289,-1124,-1205,-1379,-979,-1334,-782,-860,-847,-386,-462,-37,31,159,273,605,379,724,761,948,1166,1215,1554,1561,1476
1412,1174,874,603,555,246,237,58,-71,63,-554,-394,-478,-759,-590,-1032,-817,-1313,-1193,-1043,-1303,-1089,-873,-861,-678,-544,-509,-553,-368,-177,52,-287,-78,-216,-202,-144,-310,-292,-220,-342
833,305,317,-6,160,-144,-249,-259,-255,-310,-379,-395,-331,-401,-447,-195,-335,-288,-407,-378,-547,-645,-737,-1102,-877,-1458,-1021,-1547,-1286,-1322,-940,-1196,-746,-684,-307,-273,392,469,732,820
-18,85,166,112,312,132,557,203,670,374,868,665,919,767,677,541,519,783,345,559,385,568,647,543,562,779,881,835,688,958,641,519,355,270,104,-16,-455,-760,-764,-984
-2057,-1715,-1987,-1525,-1555,-986,-1095,-608,-710,-43,-169,210,501,692,490,797,583,1112,961,1140,698,969,894,1087,941,1014,886,928,934,917,475,792,177,252,33,118,76,-71,69,-69
-1291,-1154,-1846,-1610,-2023,-1730,-1791,-1702,-1440,-1200,-1031,-524,-352,-118,-110,175,340,400,621,692,802,868,941,1094,1305,1198,1086,1283,1278,1013,1275,1000,814,997,413,410,178,89,157,-277
1610,1165,1531,1392,1602,1082,1323,1030,602,623,-26,50,-315,-440,-731,-1033,-1078,-1089,-1113,-1163,-1271,-1255,-1254,-1281,-1224,-1503,-1119,-1388,-945,-936,-905,-804,-437,-240,10,120,578,477,761,747
-46,510,417,626,508,912,898,902,1133,1105,1494,1060,1207,1342,1149,858,930,657,538,419,13,58,-42,-84,-247,69,-23,243,104,341,56,174,258,48,-114,118,-478,-277,-826,-671
-267,-263,-424,-82,-278,-30,-257,-232,-115,-216,-350,-618,-521,-928,-755,-1082,-989,-1313,-1088,-1532,-1237,-1366,-1160,-1047,-817,-499,-424,28,-45,623,238,985,846,896,1200,1037,1483,1106,1442,1375
711,1149,539,920,684,733,490,630,383,279,100,10,-271,-721,-581,-1247,-1279,-1341,-1744,-1512,-1858,-1781,-1706,-1506,-1643,-1118,-1248,-560,-682,21,-247,346,470,520,548,782,960,833,756,971
752,762,1114,1030,1318,1327,1372,1360,1262,1487,1441,1393,1328,1100,1242,840,984,669,552,146,155,-49,-472,-336,-790,-829,-1312,-1198,-1235,-1144,-1208,-1208,-1325,-1006,-809,-809,-450,-663,-233,-186
-556,-294,-541,-191,-498,-24,-462,-68,-242,-134,114,19,368,148,324,568,567,331,636,460,433,397,520,614,859,629,1084,936,1220,1268,1351,1370,1099,1003,1011,825,411,451,163,-332
1138,916,1381,963,1388,1351,1443,1429,1420,1320,1034,1065,1067,842,1025,786,606,332,209,-147,-249,-601,-1030,-1143,-1228,-1389,-1692,-1744,-1642,-1494,-1465,-1213,-1265,-1014,-654,-470,-554,-157,-48,155
640,631,643,641,685,921,484,650,776,749,419,426,523,553,260,445,132,461,-7,424,-173,151,-66,46,-396,-512,-557,-981,-1035,-1269,-1148,-1468,-1774,-1664,-1855,-1648,-1665,-1454,-1239,-789
-1356,-1107,-1219,-973,-747,-832,-424,-369,-186,229,125,406,551,832,1098,1020,1333,1420,1152,1262,1310,1018,927,646,685,440,353,89,133,117,-120,270,153,-34,38,190,70,229,386,37
1768,1174,1822,1119,1496,1132,1016,1038,689,654,655,270,305,-141,0,-276,-477,-782,-730,-1183,-905,-1282,-1425,-1462,-1308,-1441,-1400,-989,-1117,-966,-449,-603,-417,-72,-106,65,-79,161,-160,98
258,512,65,522,91,319,341,478,842,471,877,718,1050,986,880,833,999,499,560,245,104,237,-85,-255,-257,-753,-636,-944,-777,-1211,-939,-1185,-1077,-1379,-1377,-1273,-1447,-1311,-1550,-1231
-1635,-1364,-1152,-1122,-1078,-493,-465,-214,-100,432,402,929,957,1147,1489,1397,1550,1117,1263,1129,1183,954,904,702,421,444,479,384,75,302,168,195,281,71,327,166,-44,-51,118,-404
-447,-264,-687,-578,-700,-922,-754,-1123,-1027,-992,-770,-857,-795,-931,-718,-832,-752,-904,-449,-637,-345,-204,-391,-44,11,358,513,816,1287,1136,1700,1699,1985,1913,1727,1836,1411,1655,1179,873
-1246,-60,-646,6,-219,364,213,663,461,780,924,946,1065,1319,1163,1337,1380,1339,1593,1252,1316,1344,1091,1149,818,442,309,149,-261,-294,-725,-921,-1014,-1332,-1103,-1190,-1183,-1038,-1171,-828
-633,-781,-1103,-1056,-1008,-1303,-1267,-1005,-1258,-921,-1243,-696,-1144,-842,-989,-869,-659,-810,-433,-778,-498,-169,-158,67,36,217,78,275,406,174,266,495,262,187,126,144,137,174,543,300
992,461,841,809,748,618,685,559,551,587,468,507,497,481,715,656,820,680,749,635,780,553,526,586,333,300,325,262,-65,178,51,84,-72,-409,-179,-616,-511,-881,-714,-1023
1145,268,993,425,700,108,234,-44,-130,-47,-295,-616,-673,-993,-844,-1459,-1363,-1578,-1499,-1577,-1902,-1513,-1645,-1465,-1419,-1250,-858,-627,-44,-34,338,324,884,666,1213,952,1092,868,1182,863
-1840,-1162,-1827,-889,-1221,-682,-599,-194,74,307,511,687,1150,1068,1352,1476,1270,1555,1125,1227,1041,928,1087,807,669,728,420,582,338,416,440,102,396,-192,28,-116,-113,-176,-140,-574
-639,-825,-776,-794,-815,-933,-722,-775,-714,-529,-522,-417,-241,70,351,777,919,968,1544,1628,1878,1847,1975,1650,1687,1538,1250,1170,931,609,522,104,97,-58,-304,-273,-491,-472,-827,-901
489,88,192,-91,49,-148,-301,-337,-489,-351,-958,-757,-1265,-1079,-1391,-1475,-1767,-1447,-1579,-1717,-1504,-1269,-1090,-1037,-565,-373,-46,265,672,891,967,1043,1336,1426,1330,1164,1251,1309,1042,1149
-709,247,-261,525,322,550,890,1070,1104,1207,1367,1368,1555,1514,1402,1085,1174,921,811,315,393,263,161,-17,133,-229,40,-174,116,110,-39,-5,202,81,302,-174,81,-251,-437,-622
-584,-363,-132,19,387,587,1171,1033,1454,1405,1739,1626,1417,1306,1308,1162,1084,718,824,518,542,152,337,288,233,-92,-30,166,-270,134,-225,10,-440,-471,-663,-385,-733,-430,-898,-389
-696,-366,-823,-314,-658,-462,-476,-125,-249,-347,-408,-281,-278,-677,-539,-675,-981,-982,-1108,-1264,-992,-1130,-1140,-916,-645,-501,-496,-150,-303,150,209,455,429,764,703,997,1037,1167,1104,1229
692,979,1161,876,1113,943,1054,860,1013,806,547,426,451,158,361,69,135,374,253,374,520,196,601,312,526,515,218,189,-49,-126,-261,-515,-658,-876,-1085,-1450,-1097,-1682,-1319,-1351
-655,-758,-703,-671,-891,-577,-712,-504,-580,-587,-703,-420,-575,-804,-715,-817,-650,-606,-809,-696,-534,-324,-336,-307,-116,-160,2,-91,-17,27,136,-106,214,183,579,450,876,671,909,1131
-974,-354,-771,-386,-634,-656,-569,-670,-644,-703,-840,-447,-863,-404,-566,-358,-633,-408,-407,-340,-126,-130,107,107,-3,-38,17,72,538,292,648,683,1030,1250,1124,1349,1352,1776,1610,1662
-1136,-390,-943,-761,-1174,-1148,-880,-1179,-905,-943,-526,-796,-333,-677,-300,-264,-74,-277,-429,-372,-511,-286,-650,-569,-513,-790,-338,-643,-365,-203,79,75,539,556,658,1173,1076,1484,1094,1672
-719,-546,-1168,-1090,-1274,-1734,-1552,-1797,-1744,-1649,-1490,-1492,-1013,-1182,-710,-1000,-462,-686,-184,-159,-303,-43,227,374,412,595,730,720,978,967,1047,1047,1124,1132,725,981,817,670,648,576
934,838,1007,831,694,666,680,532,578,664,767,383,502,507,567,375,179,127,-263,-444,-631,-909,-1158,-1424,-1580,-1512,-1638,-1613,-1840,-1843,-1435,-1704,-1029,-977,-626,-719,-334,-107,128,328
-210,386,401,542,435,849,950,808,1235,788,1157,1206,900,965,1101,1124,885,1054,824,719,665,549,273,283,25,-160,-299,-611,-991,-962,-1249,-1292,-1774,-1653,-1834,-1845,-1852,-1639,-1466,-1047
-606,-756,-903,-1278,-1363,-1423,-1662,-1355,-1347,-1403,-1143,-1196,-807,-995,-723,-481,-387,0,-134,193,529,578,796,681,1143,1215,1258,1457,1303,1461,1562,1530,1666,1189,1410,817,985,563,503,94
175,-189,-138,-720,-445,-912,-655,-1047,-1236,-1159,-1368,-951,-1444,-1122,-1042,-739,-904,-488,-643,-235,-352,-199,74,-271,27,-245,-10,-529,-289,-527,-152,-258,-164,-156,142,-3,493,538,498,1046
-134,553,387,1068,688,1116,1109,1015,1013,1055,734,870,545,756,405,470,226,600,267,389,529,723,765,750,661,703,650,471,617,397,93,-9,157,-294,42,-581,-238,-522,-510,-792
-1138,-823,-1147,-993,-976,-1251,-1005,-1016,-1043,-1077,-870,-982,-544,-666,-497,-204,73,199,754,897,1034,1546,1469,1592,1751,1574,1849,1636,1496,1314,1164,900,648,291,541,-40,-9,-122,-326,-112
404,311,230,15,121,-253,-81,-508,-487,-545,-638,-869,-661,-1054,-855,-1272,-1425,-1410,-1602,-1434,-1384,-1587,-1337,-1390,-963,-1025,-509,-362,290,149,755,959,1181,1389,1237,1457,1680,1595,1417,1228
-441,-8,-532,-49,-436,-101,-175,-348,-89,-284,-15,-82,-70,-224,-71,-327,-609,-794,-920,-1153,-962,-1452,-1262,-1503,-1353,-1375,-1045,-1087,-774,-687,-347,-240,108,242,235,386,632,675,794,840
733,820,1023,1142,915,1148,847,1076,908,924,1035,819,796,839,744,518,570,-32,229,-393,-344,-754,-854,-1526,-1472,-1812,-1768,-1931,-1688,-1593,-1479,-1386,-1456,-956,-779,-591,-477,59,116,226
-952,-781,-1003,-971,-858,-1117,-1013,-948,-972,-495,-813,-196,-713,-290,-467,-302,-164,-552,-462,-507,-710,-570,-825,-644,-675,-840,-559,-623,-40,-95,245,10,678,402,916,955,1092,1209,1415,1193
-2130,-1222,-1771,-1148,-1578,-900,-920,-662,-482,-430,-71,-181,4,366,416,439,857,788,1240,1113,1154,1192,1625,1450,1412,1387,1294,1257,1131,802,485,390,269,70,-276,-137,-470,-188,-604,-83
-559,50,203,232,456,724,802,1313,1186,1664,1438,1334,1397,1156,1301,1204,1042,857,694,191,290,59,-34,176,-29,184,-223,184,-170,336,156,21,35,113,-131,-137,-529,-362,-740,-620
593,57,147,-250,-219,-557,-614,-618,-755,-1217,-1199,-1017,-1248,-1077,-1237,-1412,-1426,-1104,-1327,-980,-1067,-400,-535,-235,-351,-36,253,222,383,374,472,222,337,214,353,-19,376,-27,439,224
-790,-474,-775,-629,-311,-447,-130,-49,301,522,1062,1128,1240,1724,1545,1785,1692,1935,1779,1489,1592,955,885,480,747,57,342,-211,-195,-320,-620,-591,-628,-649,-803,-829,-1093,-765,-997,-1062
809,276,1011,932,1440,1532,1801,1666,1720,1773,1591,1443,1441,1235,905,849,553,364,432,188,103,-138,-402,-504,-552,-989,-1008,-926,-1020,-1290,-1247,-1282,-1291,-1267,-1103,-943,-1128,-645,-664,-335
1254,1340,1520,1728,1636,1847,1755,1522,1565,1222,1143,962,752,258,214,-242,-525,-798,-903,-775,-1089,-952,-1177,-1123,-1041,-1260,-875,-1197,-911,-905,-1013,-789,-820,-740,-803,-392,-409,-283,-151,-267
724,231,563,139,500,415,440,479,526,498,916,715,899,818,551,728,234,483,76,-84,-469,-702,-644,-1186,-1207,-1228,-1141,-1516,-1334,-1591,-1368,-1470,-1176,-1050,-1155,-1053,-808,-590,-558,-624
-494,-621,-424,-725,-393,-582,-674,-528,-407,-713,-681,-503,-948,-647,-888,-971,-1202,-822,-1080,-973,-897,-660,-470,-192,-127,346,422,753,1010,1418,1430,1746,1469,1641,1419,1818,1508,1201,1147,1098
194,344,260,454,22,180,102,88,223,313,398,221,709,735,619,969,747,1165,806,900,774,1008,635,1053,569,538,407,289,275,253,160,56,-125,-35,-517,-489,-934,-849,-1160,-1254
1868,666,1805,1146,1475,1189,1536,1074,1270,1053,998,917,957,598,628,454,245,209,-262,-411,-573,-746,-811,-770,-1029,-711,-1072,-648,-669,-704,-688,-315,-464,-209,-384,-147,-562,-389,-725,-440
-1226,-523,-638,-302,-148,188,298,468,649,616,754,577,759,555,608,463,461,652,471,423,496,466,692,451,740,834,545,992,590,649,700,682,599,287,565,13,334,-93,127,-185
-1527,-873,-696,-407,-150,213,594,653,1046,874,1123,1318,1269,1473,1191,1108,969,1091,640,710,726,497,392,596,553,304,622,413,453,310,56,349,120,111,-237,-231,-312,-435,-231,-631
-339,-398,-247,128,165,88,223,341,869,676,913,1126,1124,1385,1483,1750,1803,1459,1824,1522,1484,1166,1102,699,537,244,-236,-325,-859,-584,-1137,-907,-1230,-998,-1155,-1107,-881,-904,-853,-651
260,-32,-149,-401,-681,-956,-1134,-1378,-1561,-1633,-1666,-1400,-1482,-1283,-1248,-1370,-1031,-1020,-916,-858,-814,-644,-185,-294,218,67,579,540,790,822,1280,1100,1566,1183,1682,1146,1455,1004,1041,842
-1290,-1242,-1809,-1691,-1635,-1634,-1680,-1804,-1260,-1322,-929,-1120,-550,-666,-61,2,-15,261,181,320,230,399,240,388,546,407,565,468,677,327,842,623,599,882,789,852,689,608,779,469
-1107,-603,-789,-901,-537,-622,-489,-578,-225,-246,-394,-468,-220,-409,-377,-752,-611,-760,-664,-1090,-705,-895,-618,-774,-648,-598,-369,-93,194,209,489,688,837,795,725,1089,900,1202,1253,1475
583,1136,685,654,426,332,3,-142,-599,-422,-1193,-1089,-1683,-1645,-1738,-1847,-1674,-1676,-1483,-1475,-1209,-1174,-844,-813,-391,-164,88,25,101,517,344,443,651,876,670,1037,729,1109,752,1068
241,535,299,739,344,975,577,886,711,583,565,815,520,357,538,461,33,232,-86,-92,115,-342,-159,-315,-443,-359,-652,-769,-1086,-950,-1478,-1249,-1810,-1538,-1779,-1354,-1747,-1115,-1296,-763
-1639,-1240,-1602,-1316,-1253,-1017,-1020,-796,-676,-461,-226,-355,193,102,457,383,864,775,1089,1147,1387,1544,1628,1643,1453,1735,1719,1501,1203,1116,734,685,459,-36,-51,-567,-383,-698,-768,-1037
-284,-557,-193,-540,-263,-513,-206,-339,-329,-475,-465,-609,-440,-611,-436,-422,-208,-37,-18,274,226,383,705,512,882,734,930,1002,996,1064,1153,1097,1019,1203,1257,1191,1254,1017,930,782
-2233,-1163,-1919,-1434,-1414,-1331,-1001,-847,-508,-128,-43,387,497,867,682,938,962,1117,1111,1092,972,692,734,868,651,678,403,826,376,806,425,688,491,767,572,384,263,220,247,88
-1890,-1251,-1904,-1328,-1441,-1173,-1306,-824,-809,-438,-84,-6,561,442,780,1053,1069,970,1031,924,1105,761,1066,742,563,424,368,524,522,527,425,312,389,581,529,706,385,595,313,440
-1705,-1387,-2020,-1503,-1637,-1690,-1311,-1202,-1128,-775,-774,-740,-553,-249,-331,44,-71,289,-46,333,46,546,508,646,731,626,942,650,800,958,576,702,631,507,750,303,451,425,573,372
-740,-386,-950,-839,-1417,-1226,-1287,-1414,-1456,-1363,-1354,-1368,-1016,-767,-879,-241,-511,-186,-211,145,94,69,105,224,24,185,-44,141,87,48,-58,-40,217,406,504,608,591,939,727,1135
425,662,682,792,880,1069,1072,1371,1059,1453,1063,1418,1238,1152,991,639,383,98,-137,-555,-618,-763,-1045,-1130,-1610,-1498,-1775,-1410,-1548,-1354,-1418,-1271,-1322,-1091,-716,-775,-798,-461,-375,-393
255,-369,-200,-146,-385,-364,-421,-210,-130,-293,-146,-15,-205,-62,-142,-103,-578,-560,-795,-835,-1090,-1078,-1262,-1069,-1418,-1045,-1305,-1129,-891,-1079,-524,-681,-450,-138,-162,106,326,353,621,590
374,330,514,521,944,724,987,954,1224,1326,1340,1344,1568,1158,1440,896,1176,681,612,-4,13,-555,-639,-1164,-1238,-1575,-1330,-1621,-1620,-1613,-1592,-1310,-1386,-1115,-913,-1052,-583,-846,-489,-528
904,79,665,112,698,35,565,-10,438,-174,238,-52,-219,-158,-282,-250,-250,-275,-267,-473,-567,-483,-590,-568,-715,-624,-701,-870,-992,-1025,-1269,-1223,-1190,-1151,-1189,-941,-746,-719,-221,-134
-63,-71,-187,-534,-394,-627,-790,-876,-703,-907,-832,-1036,-694,-1138,-960,-907,-752,-749,-679,-963,-670,-685,-514,-284,-423,83,51,491,395,1125,788,1537,1520,1874,1515,1926,1779,1657,1672,1412
-1151,-468,-796,-625,-342,-432,-33,-396,276,-61,374,304,448,284,367,278,353,188,287,98,509,48,263,357,646,478,645,785,1246,936,1486,1223,1297,1236,1251,854,1115,555,349,266
-595,47,-63,302,110,295,412,649,599,942,992,1161,1057,1457,1240,1279,1358,1247,1349,858,1027,576,665,333,84,-123,-16,-135,-139,-482,-322,-405,-370,-321,-285,-116,-196,-138,19,-348
1002,822,1346,1108,1214,1218,1320,1233,1528,1284,1486,1195,1367,1203,904,1021,813,581,660,43,122,-329,-321,-376,-728,-650,-848,-854,-1055,-691,-1057,-567,-714,-282,-709,-191,-517,-224,-230,-541
1023,651,1250,939,1252,988,1290,1279,1257,1207,1370,953,1204,890,1033,579,774,389,294,410,-59,-5,-722,-722,-1091,-1139,-1556,-1563,-1725,-1532,-1654,-1823,-1512,-1477,-1253,-1248,-790,-521,-318,-34
-826,-385,-691,-369,-602,-180,-190,-180,15,336,697,576,1062,1053,1293,1608,1672,1586,1794,1822,1661,1733,1159,1227,750,834,437,-123,10,-542,-345,-871,-919,-1021,-737,-1147,-758,-1077,-923,-821
-480,-551,-717,-383,-932,-728,-791,-554,-682,-700,-314,-323,-367,-86,42,-35,123,103,238,550,381,578,704,787,1115,1076,1219,1289,1352,1501,1425,1618,1264,1460,1286,929,897,727,434,165
-490,-721,-907,-1181,-1413,-1504,-1709,-1587,-1737,-1671,-1781,-1643,-1323,-1332,-755,-927,-330,-338,66,37,388,192,430,738,690,552,929,800,779,871,912,939,987,1105,1058,980,793,656,704,722
1126,1452,1605,1610,1716,1676,1594,1839,1297,1400,1262,1071,796,155,289,-231,-50,-416,-508,-831,-843,-823,-603,-697,-656,-461,-821,-536,-540,-390,-643,-406,-659,-696,-781,-824,-649,-758,-819,-543
1038,865,919,1188,1148,1206,999,889,1251,953,1152,863,1122,831,812,528,468,286,225,-270,-35,-520,-830,-854,-1374,-1370,-1527,-1555,-1997,-1583,-1866,-1473,-1423,-1215,-1058,-696,-649,-113,-86,12
6,195,363,728,859,1120,1163,1511,1497,1870,1639,1588,1418,1298,1447,785,796,619,316,225,-185,-503,-559,-823,-793,-1099,-809,-1114,-1096,-1296,-1290,-1113,-1364,-1253,-1389,-1033,-1147,-1066,-1073,-537
808,851,1227,855,1466,1175,1436,1357,1188,1384,1398,1080,1242,1036,584,541,317,126,2,-352,-203,-376,-587,-594,-569,-537,-532,-527,-330,-193,-95,-300,-213,-177,-400,-529,-613,-505,-751,-996
509,-506,-269,-857,-564,-1028,-918,-1058,-1267,-1121,-1271,-932,-798,-763,-453,-751,-164,-413,-409,-347,-443,-177,-345,-522,-287,-556,-325,-769,-284,-615,-257,-240,-1,101,330,269,417,616,581,814
-215,-107,-539,-486,-808,-947,-907,-1372,-1160,-1299,-1268,-1370,-1421,-1551,-1366,-1309,-1037,-1033,-1138,-650,-539,-223,-142,-7,536,618,623,772,1006,889,838,917,690,917,533,360,437,311,211,510
232,233,13,-426,-175,-457,-711,-707,-828,-738,-862,-1016,-984,-1043,-1082,-952,-1198,-1148,-748,-761,-822,-417,-610,-363,-370,35,-210,-76,140,183,-12,-87,71,-185,-143,-170,-281,-87,76,-6
-1636,-1271,-1723,-1842,-1582,-1687,-1762,-1291,-1587,-1118,-1003,-647,-497,-320,71,78,472,331,634,616,428,419,523,662,410,719,565,630,721,815,816,911,638,777,483,631,461,445,287,348
-168,169,78,616,295,864,739,1270,1145,1273,1253,1495,1466,1682,1603,1535,1595,1092,1407,760,624,283,124,-215,-410,-621,-860,-850,-991,-985,-1256,-1120,-804,-1064,-580,-681,-569,-764,-412,-709
-680,-989,-607,-779,-793,-816,-861,-1059,-1062,-997,-619,-673,-320,-262,-110,304,484,1035,1086,1359,1601,1733,1601,1853,1640,1582,1433,1376,1173,1130,883,430,587,239,283,-149,-127,-309,-268,-552
275,216,729,1098,1077,1633,1343,1651,1529,1773,1416,1642,1060,1284,763,1057,475,874,381,303,328,9,290,-347,19,-373,-180,-745,-619,-827,-880,-782,-989,-900,-893,-836,-864,-558,-485,-431
98,-268,-411,-774,-702,-1173,-1013,-1298,-1299,-1447,-1478,-1426,-1517,-1411,-1150,-1022,-751,-803,-206,-373,88,-29,456,438,374,406,461,140,550,262,274,194,223,374,344,242,330,578,765,887
777,1017,860,1018,1126,1244,1176,1543,1070,1419,1257,952,1179,493,657,254,-280,-363,-812,-877,-1104,-1508,-1489,-1448,-1726,-1409,-1485,-1574,-1429,-1234,-895,-807,-832,-680,-642,-223,-168,-206,74,199
946,529,618,474,415,384,423,17,353,377,199,331,298,317,322,427,276,392,51,-83,-4,-422,-630,-736,-1093,-1139,-1440,-1588,-1637,-1504,-1432,-1353,-1610,-1264,-1109,-926,-543,-630,-304,-250
1321,850,1101,413,489,193,-67,-409,-591,-741,-1172,-1096,-1367,-1494,-1840,-1795,-1481,-1576,-1312,-1326,-1100,-1288,-882,-944,-340,-481,-162,-281,254,-20,570,370,532,794,862,861,1353,1139,1148,1112
-1109,-166,-921,-551,-1017,-1006,-1118,-1261,-1470,-1263,-1339,-1454,-1208,-1277,-851,-709,-616,-407,119,406,468,839,1026,1232,1316,1726,1450,1495,1694,1406,1504,1321,984,995,859,432,465,414,290,118
991,737,1046,1181,1438,1264,1384,1519,1374,1307,1321,1024,781,533,371,-121,-306,-720,-899,-1131,-1213,-1252,-1600,-1407,-1365,-1445,-1277,-1181,-1219,-998,-1175,-981,-946,-744,-903,-629,-312,-495,-18,169
-924,-450,-491,-346,-278,-112,-122,125,-39,246,581,582,1052,839,1211,1535,1626,1524,1680,1614,1743,1669,1310,1316,958,663,667,63,-43,-173,-532,-597,-990,-905,-1165,-1168,-1146,-870,-937,-954
-269,-511,-548,-291,-512,-523,-220,-514,-391,-504,-440,-292,-254,-291,-18,-125,419,397,809,822,1344,1477,1534,1742,1555,1687,1658,1642,1328,1110,1058,705,681,329,-40,-222,-193,-364,-620,-875
1070,599,1246,1132,1193,1141,982,1116,785,733,512,434,375,279,206,-180,99,-311,-305,-796,-728,-1103,-1154,-1356,-1287,-1427,-1589,-1553,-1893,-1606,-1553,-1545,-1130,-1227,-809,-506,9,127,315,581
460,372,326,352,87,387,-141,-28,-249,-145,-366,-277,-487,-468,-236,-431,-678,-694,-860,-982,-879,-1319,-1257,-1552,-1560,-1314,-1532,-1321,-1176,-892,-682,-738,-372,-147,423,440,1134,1094,1257,1606
-168,855,430,1308,1116,1523,1366,1564,1678,1742,1589,1632,1373,1470,1104,920,561,423,102,-91,-257,-432,-756,-619,-911,-1110,-1189,-1104,-1331,-1145,-1166,-1381,-1024,-1139,-992,-1116,-970,-706,-795,-384
-1178,-691,-584,-467,-444,-22,-168,406,181,689,406,747,806,892,1003,1371,1453,1306,1354,1527,1147,1184,1135,959,779,548,189,130,118,-105,-294,-279,-521,-365,-185,-425,13,-97,109,-277
-270,-409,-711,-633,-711,-789,-722,-902,-725,-1010,-636,-591,-276,9,91,446,564,616,1236,1241,1112,1290,1493,1317,1325,1466,1165,1227,1069,980,966,1109,881,645,427,368,-123,-215,-439,-421
-1116,-1182,-1254,-1178,-1474,-1532,-1451,-1631,-1538,-1293,-1445,-970,-733,-513,-212,-204,526,541,826,1177,1230,1437,1176,1375,1445,1151,1211,1096,836,964,754,644,650,672,337,299,283,487,151,310
-758,-618,-673,-741,-941,-724,-651,-650,-933,-559,-586,-797,-664,-464,-737,-404,-450,-390,-605,-383,-323,-242,82,241,488,692,1131,1348,1217,1566,1478,1934,1722,1941,1477,1591,1140,959,727,463
959,789,766,651,790,396,567,413,123,-62,-432,-355,-798,-1050,-1265,-1422,-1663,-1592,-1770,-1930,-1763,-1632,-1528,-1131,-973,-881,-352,-184,31,248,112,509,564,690,912,682,1041,827,897,901
283,554,349,436,416,593,436,716,787,794,871,743,668,946,545,1001,525,878,654,755,418,507,492,425,128,92,147,-217,-446,-632,-727,-842,-1022,-1581,-1575,-1836,-1735,-1967,-1674,-1892
-216,-950,-855,-1256,-1400,-1624,-1644,-1904,-1604,-1713,-1476,-1639,-1100,-1001,-960,-614,-50,-147,416,610,655,958,1180,1006,1391,900,1427,806,1257,1069,936,824,992,878,826,861,818,718,626,470
1167,843,1148,576,684,321,582,-64,82,-224,-130,-534,-761,-778,-1208,-1306,-1483,-1639,-1567,-1678,-1484,-1689,-1576,-1217,-1184,-648,-707,-138,-285,351,245,528,416,731,365,825,637,769,600,343
1178,960,1062,1045,1142,1274,1412,1387,1208,1105,1267,1090,773,739,369,172,298,-286,6,-387,-383,-527,-419,-656,-482,-390,-166,-416,-41,-270,-55,-350,-377,-269,-594,-702,-934,-1007,-855,-1218
-1631,-1672,-1597,-1497,-1499,-1176,-1226,-736,-957,-361,-469,-213,93,236,459,547,574,704,881,1101,1054,1133,1546,1343,1720,1514,1334,1293,1040,1248,783,698,242,497,-287,-124,-386,-510,-687,-539
-93,248,304,866,900,943,943,1141,1249,1093,1224,1444,1055,1186,1079,1166,935,1306,1004,892,517,755,286,175,-29,-24,-437,-324,-638,-659,-875,-568,-951,-629,-584,-357,-453,-245,-456,-366
460,-218,-224,-602,-479,-892,-857,-946,-872,-576,-730,-626,-329,-308,-482,-299,-457,-343,-455,-642,-540,-561,-652,-798,-781,-850,-662,-689,-765,-719,-327,-602,-129,-438,-21,-162,109,137,250,380
1573,998,1348,937,1217,715,737,854,633,609,279,39,-96,-377,-149,-778,-569,-906,-876,-728,-637,-541,-544,-415,-635,-496,-514,-323,-494,-275,-344,-297,-794,-609,-888,-645,-943,-990,-876,-966
-1890,-1481,-1488,-1181,-889,-650,-474,-216,108,314,423,732,871,882,1069,1208,928,1301,988,917,790,801,887,998,846,909,753,556,786,651,562,222,268,8,189,-278,143,-530,-111,-460
-658,-897,-1081,-835,-919,-1154,-1019,-811,-1171,-970,-1017,-742,-760,-984,-713,-839,-299,-576,-96,-423,122,-248,343,161,403,237,47,97,-53,122,214,181,282,252,254,413,635,755,809,1162
-1917,-891,-1864,-1190,-1161,-902,-682,-489,-595,-150,-287,-291,37,-235,220,-19,-98,-65,17,-178,69,36,210,382,181,367,409,438,524,516,829,517,963,762,686,791,682,1000,665,945
1582,1463,1246,1019,847,968,744,371,281,144,194,127,-178,-85,-557,-462,-477,-515,-657,-719,-924,-879,-823,-1159,-694,-803,-836,-700,-530,-311,-351,-135,-271,-41,-550,-77,-363,-271,-406,-429
803,333,780,363,691,281,323,457,556,421,478,653,476,520,466,738,600,659,214,300,-95,-257,-416,-822,-717,-1298,-1458,-1455,-1767,-1658,-1869,-1649,-1647,-1395,-1308,-851,-875,-669,-519,-256
566,165,435,333,149,-267,-450,-691,-796,-1120,-1158,-1420,-1635,-1824,-1590,-1563,-1789,-1273,-1301,-1238,-1108,-795,-474,-508,160,149,290,411,728,547,997,690,1064,884,1476,1305,1247,1194,1200,1367
-1185,-155,-618,-177,-117,184,119,695,572,841,893,1043,980,981,1177,955,691,639,609,337,421,328,137,242,343,535,246,426,457,796,538,878,616,519,403,346,342,-32,180,-484
1130,514,1008,677,917,690,487,752,254,543,441,286,242,557,341,440,795,496,834,821,850,764,802,707,703,325,194,41,-565,-353,-907,-838,-1351,-1411,-1544,-1658,-1423,-1689,-1270,-1431
-803,-1037,-375,-614,-444,24,110,259,388,495,983,589,917,1028,1086,1207,954,852,810,614,626,469,426,397,209,456,226,620,294,417,647,785,498,777,616,465,542,232,288,-210
1933,914,1682,1085,1362,1052,1157,895,608,575,283,433,103,-275,-344,-456,-782,-949,-1128,-1230,-1333,-1161,-1310,-1304,-1268,-1302,-1121,-830,-698,-472,-401,-391,-32,90,-61,-118,45,-119,-272,58
-908,-764,-1216,-967,-1075,-1162,-984,-1255,-743,-868,-397,-558,-194,353,281,794,927,1364,1438,1505,1601,1701,1776,1555,1433,1279,1307,914,881,945,817,630,238,126,-36,144,-348,-192,-414,-850
742,468,990,862,862,1047,1103,1163,1352,1090,1259,1216,1261,1253,1331,1052,1040,809,544,284,153,-286,-107,-912,-844,-1182,-1478,-1524,-1473,-1559,-1589,-1723,-1493,-1483,-1034,-1086,-725,-800,-321,-526
-504,-641,-568,-375,-597,-565,-543,-739,-628,-744,-869,-628,-994,-388,-525,-379,-63,59,525,604,979,823,1277,1558,1504,1543,1651,1622,1437,1401,1456,1176,950,1007,526,682,176,467,-247,-164
866,469,884,326,585,493,382,601,211,527,195,-175,-268,-690,-611,-917,-1293,-1273,-1637,-1543,-1658,-1940,-1554,-1747,-1493,-1271,-1078,-922,-636,-537,-182,-86,305,650,750,689,751,1104,695,1057
-2487,-982,-1969,-1213,-1747,-1061,-1300,-562,-730,-346,-154,-178,322,194,624,696,766,865,760,1084,1252,1319,1191,1188,1106,1228,1074,1140,829,788,832,350,613,150,239,-14,-358,-129,-376,-327
-1152,-1041,-1006,-1088,-873,-990,-697,-706,-397,-164,313,403,758,1176,1269,1549,1760,1701,1730,1524,1720,1704,1487,1230,906,988,840,539,471,38,309,-179,-62,-204,-237,-547,-668,-766,-690,-903
680,166,568,253,198,78,38,90,188,323,261,315,315,25,256,-83,-287,-75,-586,-685,-943,-1186,-1382,-1319,-1654,-1600,-1728,-1491,-1395,-1398,-1148,-910,-702,-734,-230,92,42,454,760,752
1203,825,779,700,588,-74,192,-600,-514,-988,-1009,-910,-1324,-1257,-1449,-1172,-1535,-1229,-1508,-1450,-1338,-1314,-1170,-1175,-985,-738,-768,-228,-523,293,-18,441,425,880,1086,1272,1061,1359,940,1247
-194,243,-8,296,188,77,80,351,284,309,331,666,678,953,705,1231,1289,1492,1483,1294,1632,1527,1410,1192,829,663,453,139,22,-446,-538,-900,-905,-1400,-1366,-1446,-1474,-1566,-1504,-1206
806,-13,513,-17,151,-376,-345,-448,-802,-765,-969,-873,-1190,-1090,-1433,-1539,-1384,-1406,-1367,-1558,-1262,-1498,-995,-1057,-610,-376,-141,91,350,755,1072,985,1376,1216,1559,1242,1450,1025,1092,739
-2030,-951,-1738,-1020,-1144,-881,-840,-371,-339,-418,-251,-288,-22,136,-42,221,-108,90,323,204,532,223,543,464,857,638,786,427,723,595,804,571,466,437,723,592,528,871,574,1064
120,607,561,755,844,1036,1305,1207,1223,1211,1544,1287,1579,1115,1036,1190,829,699,568,124,177,-9,-433,-425,-242,-374,-534,-274,-365,-224,-166,-375,5,-385,-190,-81,-310,-546,-482,-619
-843,-824,-1295,-1300,-1383,-1360,-1296,-1414,-1533,-1313,-1359,-1389,-1190,-1251,-1064,-1026,-600,-588,-273,-186,-21,346,553,617,832,846,1435,1035,1388,1296,1309,1205,1046,1026,787,696,708,541,446,305
1060,538,617,673,307,252,456,125,423,416,667,653,801,837,855,948,928,532,605,383,675,183,94,-121,-231,-83,-314,-757,-640,-948,-600,-1165,-856,-1357,-1222,-1150,-1518,-1123,-1376,-1358
681,277,939,305,856,774,644,795,810,649,608,598,349,216,180,-59,-20,-157,-456,-293,-646,-691,-585,-1000,-971,-1021,-1356,-1119,-1281,-1368,-1319,-1671,-1534,-1288,-1413,-995,-886,-693,-163,-215
-1340,-1048,-1574,-1517,-1703,-1677,-1612,-1728,-1357,-1310,-1009,-1003,-728,-857,-506,-546,-393,-346,-57,-17,197,253,530,824,849,1008,1096,1276,994,1406,1132,956,1015,650,722,635,359,459,265,311
470,273,377,495,198,238,-18,166,-30,-173,-360,-220,-129,-371,-115,-437,-431,-399,-774,-641,-941,-1017,-1004,-1046,-1348,-1369,-1374,-1545,-1237,-1463,-974,-1191,-697,-323,18,101,370,623,820,1353
-761,52,-532,90,-229,33,-204,-453,-578,-726,-524,-1076,-835,-1213,-895,-1165,-857,-985,-1106,-722,-682,-540,-484,-500,-69,-152,-81,239,-21,292,692,452,844,761,1369,1003,1373,1577,1486,1587
-2127,-931,-1526,-1134,-1182,-1088,-1056,-921,-868,-743,-658,-259,-289,183,281,234,713,789,1029,975,871,1224,916,787,1038,476,537,298,583,442,216,422,420,166,383,529,585,710,544,601
-556,-67,-743,-665,-686,-839,-836,-699,-709,-694,-290,-594,-74,-298,-377,-143,-443,-219,-838,-697,-715,-693,-1106,-962,-1044,-809,-1031,-769,-615,-483,-133,-80,-6,171,544,650,654,600,842,1091
-1079,-517,-1320,-599,-1226,-881,-683,-762,-388,-356,-247,44,-153,81,137,400,578,679,671,898,824,1278,1155,1271,1374,1549,1462,1794,1422,1417,1454,1034,759,833,132,46,-87,-391,-815,-911
593,-511,129,-654,-305,-771,-463,-892,-596,-759,-569,-663,-522,-442,-515,-578,-670,-431,-810,-578,-970,-701,-653,-825,-682,-514,-513,-285,-525,-309,-351,-380,-271,-352,-163,27,-143,-156,-125,337
256,175,393,162,468,524,584,512,856,497,762,640,825,951,859,1077,917,976,619,592,512,611,484,724,458,352,30,146,16,-228,-368,-652,-726,-1120,-1107,-1539,-1628,-1752,-1610,-1925
-94,-820,-270,-771,-538,-640,-398,-581,-277,-463,74,6,339,161,634,422,954,561,1205,755,1385,916,1107,1212,1359,1272,1294,1091,1129,1139,992,1015,539,453,134,72,-246,-354,-685,-1179
1071,497,1069,1074,1053,1118,1203,1122,1007,1115,832,930,580,340,326,325,23,382,-96,379,255,147,503,258,540,435,312,455,206,274,-99,-286,-422,-479,-653,-927,-1219,-1231,-1063,-1477
-953,-1561,-1517,-1873,-1758,-1968,-1850,-1869,-1678,-1467,-981,-1086,-488,-567,-164,-70,360,128,659,599,648,687,807,957,743,996,993,957,1016,801,1033,741,936,938,678,811,662,428,485,301
1761,1351,1321,959,773,402,59,-207,-289,-699,-775,-1005,-1004,-1351,-1230,-1370,-1019,-1252,-876,-864,-777,-792,-869,-611,-669,-500,-615,-512,-613,-192,-457,-183,-81,61,-209,147,118,231,431,233
1994,1448,1618,1177,1456,1088,1015,652,520,182,237,124,-62,-301,-242,-85,-342,77,-403,54,-201,81,-260,14,-512,-152,-490,-536,-616,-845,-801,-933,-644,-869,-963,-781,-917,-637,-1024,-576
-305,-280,-459,-365,-546,-766,-649,-982,-675,-1021,-813,-908,-781,-920,-774,-852,-370,-544,-382,-518,-223,-505,-331,-126,-487,-154,-714,-150,-601,-341,-567,-105,-461,132,101,533,307,920,782,1423
-740,145,-649,-230,-491,-551,-623,-266,-372,-1,-38,27,16,366,297,349,528,828,635,710,700,1137,1004,1241,1198,1061,1395,1185,1228,1256,974,972,1025,881,630,291,258,-225,-617,-820
-1358,-1027,-811,-717,-425,-142,49,268,495,634,759,967,999,1297,1224,1142,1255,1310,1327,1326,1599,1498,1422,1121,1258,828,780,677,393,-46,-87,-499,-486,-850,-682,-1140,-1030,-1046,-1138,-1026
1675,891,1737,1122,1746,1544,1388,1533,1407,1431,1029,890,959,776,512,437,214,30,101,-349,-315,-873,-894,-1261,-1149,-1271,-1206,-1529,-1207,-1455,-1319,-1067,-878,-759,-579,-469,-221,-33,-180,43
-1869,-1481,-1912,-1578,-1866,-1524,-1600,-1153,-1298,-750,-463,-530,119,103,242,474,743,823,930,901,1095,983,1366,1227,1314,1266,1013,1036,1143,1129,907,1079,851,698,448,247,26,130,-349,-226
1301,756,799,311,124,178,-135,-350,-527,-373,-781,-730,-722,-991,-813,-817,-866,-1118,-1035,-976,-1152,-728,-842,-898,-940,-514,-679,-387,-505,-188,-22,-191,221,-144,89,-250,-80,-251,-92,-176
1735,1248,1807,1209,1400,1410,1027,1090,856,768,275,14,-286,-345,-446,-581,-710,-520,-795,-589,-561,-480,-317,-324,-233,-548,-396,-493,-198,-479,-449,-752,-818,-859,-864,-1016,-980,-854,-743,-987
-1093,-1087,-955,-1030,-645,-760,-490,-522,-299,172,328,403,516,813,826,952,996,849,854,719,856,720,628,636,506,217,397,355,435,412,547,377,485,580,648,866,704,785,719,486
1683,1092,1533,1091,1171,1298,1022,797,734,424,492,0,160,-342,-443,-805,-1066,-1265,-1427,-1427,-1649,-1457,-1418,-1287,-1141,-1280,-950,-916,-572,-343,-66,-26,-273,94,-177,-123,-41,51,-247,125
-1762,-1311,-1620,-1407,-1258,-1058,-1020,-634,-630,-431,-496,-397,-292,-239,-191,-162,-61,-253,12,4,-65,-16,414,91,460,455,413,464,610,752,407,547,447,673,454,724,428,847,670,977
20,344,291,411,227,549,450,352,378,327,136,280,-46,445,246,301,366,670,614,878,1039,1185,1129,1077,1387,948,1236,936,882,659,596,199,323,-188,-39,-335,-295,-734,-817,-889
-725,-272,120,174,623,712,977,840,1072,1052,1183,1032,936,999,595,938,358,667,437,453,338,571,587,614,484,382,707,499,301,346,395,-13,278,11,-74,-210,-322,-129,-457,-354
-1560,-946,-1191,-1080,-842,-946,-537,-395,-401,-169,220,444,580,818,1011,997,1253,993,1195,1269,1251,1200,697,707,513,711,291,394,385,89,210,132,412,449,314,400,295,673,230,384
-1142,-469,-601,-102,-301,431,169,1000,883,1509,1487,1682,1550,1940,1864,1743,1639,1274,1463,1129,1002,730,311,178,241,-252,-167,-453,-413,-525,-505,-436,-500,-748,-552,-612,-583,-797,-764,-864
745,-310,248,-741,-371,-821,-1164,-1108,-1167,-1226,-1289,-1212,-1328,-1226,-1449,-1063,-1131,-1204,-1197,-943,-763,-902,-392,-558,5,-259,370,110,638,439,757,1029,720,1200,658,1125,810,982,391,631
-1364,-318,-758,-251,-193,256,104,704,467,718,903,1031,1288,1224,1264,1220,1286,1426,1305,1680,1250,1540,1237,1209,788,767,104,334,-279,-182,-837,-568,-1028,-898,-932,-938,-1166,-1054,-825,-765
-1002,-723,-970,-901,-637,-705,-755,-545,-487,-438,-652,-486,-770,-367,-779,-397,-852,-683,-844,-378,-617,-411,-323,-398,-161,-123,34,-203,192,87,8,320,123,338,561,757,807,1002,957,1241
376,619,200,400,235,90,-46,-86,-127,-605,-410,-764,-469,-982,-495,-865,-764,-980,-918,-1186,-1357,-1376,-1395,-1135,-1188,-1079,-1266,-973,-896,-369,-451,239,144,711,726,1044,1508,1540,1693,1732
164,632,630,552,971,763,1069,672,880,501,722,389,646,79,203,-265,-118,-524,-441,-746,-699,-742,-917,-1078,-1052,-1014,-1172,-1473,-1305,-1400,-1303,-1364,-1315,-1237,-1003,-980,-870,-350,-115,125
-260,98,80,579,615,526,918,839,723,769,608,792,790,931,514,917,632,946,691,674,740,540,893,279,574,449,472,386,157,-16,181,-140,125,73,133,-76,203,-97,-190,-326
556,575,590,529,739,1056,813,929,826,900,671,608,685,178,171,169,-97,-298,-387,-414,-553,-457,-993,-706,-1010,-1015,-1209,-1218,-1501,-1392,-1402,-1456,-1497,-1525,-1234,-1128,-1074,-802,-205,-206
684,0,316,-50,-250,-407,-701,-816,-935,-993,-1036,-890,-997,-992,-1215,-1123,-987,-1017,-1190,-953,-1108,-858,-539,-542,-502,-469,-101,-19,73,208,110,372,244,368,159,28,45,201,-155,122
163,208,-128,68,-190,18,-279,-120,-596,-155,-376,-299,-640,-236,-651,-308,-715,-355,-655,-917,-859,-959,-1007,-1180,-1066,-1332,-1095,-1288,-1124,-763,-791,-383,-243,157,235,917,755,1363,1350,1415
-1353,-746,-1677,-1305,-1591,-1333,-1888,-1441,-1736,-1323,-1501,-906,-1012,-591,-530,-81,-28,457,390,693,448,538,760,416,524,433,584,347,535,228,426,287,541,495,628,505,734,733,892,874
-503,134,300,787,785,1266,1316,1463,1828,1668,1939,1748,1678,1307,1363,1256,956,755,376,554,-85,178,-251,-213,-136,-244,-248,-509,-347,-586,-445,-894,-586,-885,-617,-715,-1002,-847,-1006,-565
-970,-463,-597,-318,-574,-357,-532,-252,-230,-55,29,117,83,211,316,570,404,1019,810,1035,1268,1578,1578,1559,1824,1784,1447,1552,1208,1269,538,644,173,139,-475,-354,-1026,-939,-1284,-1076
1368,593,1396,520,1033,810,756,555,441,358,76,159,-158,97,-313,-177,-504,-367,-422,-269,-288,-389,-474,-112,-261,-232,-506,-351,-517,-340,-636,-722,-1062,-923,-1148,-1162,-1264,-1359,-1320,-941
661,-173,437,-210,92,-281,-145,-144,-117,87,2,315,-73,308,143,8,-323,-69,-625,-460,-1090,-713,-1357,-1086,-1504,-1343,-1379,-1575,-1069,-1187,-1104,-855,-604,-394,-589,-203,151,329,271,689
1507,1168,1395,914,1086,717,680,661,209,85,-164,74,-288,-212,-264,-284,-257,-250,-93,66,-238,30,1,-180,-233,-184,-415,-663,-824,-946,-819,-1077,-1119,-1311,-1117,-1149,-1127,-874,-1010,-712
-1037,-857,-483,-568,-567,-569,-528,-529,-477,-350,-562,-238,-208,-105,24,40,102,-59,247,133,380,412,567,221,372,530,501,589,597,499,586,933,661,1262,958,1208,1030,1332,1198,1082
-737,-503,-745,-672,-654,-702,-535,-940,-721,-615,-455,-721,-433,-585,-454,-350,-467,-577,-476,-712,-639,-627,-532,-529,-395,-446,-187,-120,318,641,839,885,1468,1267,1721,1667,1912,1675,1722,1659
-484,116,-627,-239,-580,-319,-715,-331,-861,-712,-694,-990,-662,-1213,-932,-1381,-1055,-1408,-1076,-1182,-1195,-1173,-824,-514,-255,-289,254,572,593,1210,1268,1533,1529,1886,1437,1972,1581,1529,1450,1016
-235,177,-110,-56,-275,48,-414,104,-448,-107,-180,297,227,270,344,643,593,624,786,1100,900,947,799,1003,797,980,742,821,1041,815,744,665,524,693,348,127,93,-230,-261,-689
-556,-975,-932,-1244,-1444,-1520,-1902,-1662,-1907,-1678,-1586,-1351,-1351,-898,-830,-679,-381,-395,12,138,143,309,407,560,900,862,1240,949,1443,1311,1368,1092,1224,1139,1304,1046,679,880,296,317
529,422,494,466,506,319,524,466,117,358,163,-93,-89,-227,34,-343,-381,-128,-562,-362,-534,-378,-240,-360,-574,-489,-595,-870,-872,-1226,-921,-1357,-1382,-1172,-1325,-1271,-973,-1157,-776,-371
1702,699,1507,700,943,778,607,379,424,135,-249,-311,-441,-721,-1124,-1337,-1501,-1569,-1462,-1634,-1685,-1494,-1613,-1192,-1149,-931,-539,-558,-406,43,-81,21,430,82,281,449,388,239,83,226
-445,-179,-325,-322,-269,-243,-506,-517,-719,-798,-795,-787,-1041,-995,-1245,-1489,-1125,-1441,-1290,-1033,-1090,-761,-396,-408,-82,212,487,808,868,1123,1535,1398,1619,1473,1688,1268,1425,1090,1232,1011
-1628,-753,-1199,-793,-956,-687,-448,-532,-169,-201,425,282,461,612,971,954,1024,1302,1109,1269,1070,1192,862,873,496,624,134,401,199,290,220,80,146,281,365,400,475,340,495,545
-1045,-609,-1345,-888,-1282,-1036,-1219,-1391,-1343,-1097,-1050,-840,-710,-728,-367,-409,30,-170,-68,314,118,196,106,271,132,14,-119,29,-13,32,-153,353,-19,720,368,920,849,1001,1236,1346
1607,1363,1130,989,857,661,386,271,-66,77,-65,-75,-326,-252,-387,-318,79,-108,-197,96,-55,141,-383,-260,-322,-538,-444,-803,-856,-1011,-1167,-1171,-877,-1265,-1024,-1043,-805,-894,-619,-661
68,236,373,449,796,633,1084,1093,1440,1352,1656,1670,1815,1695,1581,1310,1483,1125,675,450,413,-70,-191,-538,-658,-511,-618,-698,-638,-790,-837,-710,-677,-496,-518,-291,-483,-347,-663,-609
1,-40,360,667,729,1013,1096,1486,1785,1644,1931,1907,1614,1614,1587,1397,902,767,731,217,137,-98,-91,-530,-583,-617,-672,-890,-820,-1007,-1091,-1069,-915,-1135,-1166,-1252,-908,-1242,-862,-879
871,336,688,480,634,388,281,345,-248,124,-378,-453,-829,-773,-714,-1042,-852,-1237,-1047,-1027,-1018,-1434,-1294,-1411,-1093,-1377,-1034,-1197,-879,-833,-466,-243,-26,319,293,676,894,1297,1242,1525
96,325,69,308,-11,-104,-531,-497,-827,-1122,-1157,-1424,-1426,-1607,-1868,-1462,-1494,-1558,-1275,-979,-707,-764,-145,-366,166,232,402,723,541,781,856,1132,916,1345,1117,1436,1135,1471,1159,1457
335,584,1,120,-61,-152,-172,-468,-382,-319,-645,-354,-508,-275,-263,-88,-258,-167,-464,-445,-379,-508,-728,-855,-796,-1315,-992,-1250,-1120,-1277,-916,-1234,-918,-804,-392,-218,143,145,660,452
-384,124,-3,479,310,923,649,685,762,579,723,696,664,369,388,366,178,565,268,472,663,655,873,678,867,718,760,863,700,561,443,606,285,182,-78,22,-384,-235,-447,-468
-867,-502,-294,55,-64,222,202,462,214,670,248,441,187,322,227,347,263,278,437,308,663,332,739,583,1108,897,1045,885,828,963,877,834,842,476,583,316,449,337,328,146
2127,1295,1757,1307,1261,1247,854,822,641,342,373,209,-173,-232,-366,-477,-684,-992,-992,-1269,-1065,-1416,-1361,-1308,-1261,-1544,-1167,-1249,-889,-826,-630,-482,-377,112,144,51,327,76,389,79
-79,299,417,541,739,966,1010,1049,1083,1318,1187,1400,1058,1188,1033,1180,749,1195,586,868,739,728,270,198,163,-69,-72,-249,-323,-318,-526,-690,-553,-739,-608,-466,-425,-479,-287,-310
996,733,1227,1095,1055,1212,908,1325,1079,1295,1064,911,602,356,141,-232,-178,-873,-770,-1137,-1364,-1497,-1544,-1633,-1568,-1572,-1691,-1391,-1280,-1214,-746,-679,-514,-323,-126,39,-97,319,158,443
-44,54,-57,213,28,302,315,494,897,1057,1301,1308,1596,1607,1705,1451,1550,1182,1169,886,803,594,463,-122,-1,-507,-535,-882,-714,-996,-1088,-1175,-1312,-1113,-1420,-1200,-1446,-1174,-1173,-1335
865,227,923,685,1020,795,1081,646,1148,616,878,248,291,-68,-42,-487,-795,-884,-1322,-1089,-1378,-1657,-1622,-1522,-1593,-1248,-1478,-1171,-1204,-1077,-930,-512,-604,-198,-268,-67,65,296,447,621
-1180,-359,-1042,-302,-655,-355,-389,-392,-390,-153,-189,-289,-58,199,288,579,537,1019,854,1244,1350,1786,1685,1802,1570,1566,1700,1292,1372,638,876,55,291,-161,-214,-694,-715,-858,-785,-883
-1285,-1253,-1042,-959,-804,-700,-490,-365,-281,-279,70,-86,-181,57,-215,-117,-147,-203,-318,-27,-331,-124,53,171,306,229,528,645,808,627,1002,812,958,879,1178,1055,1045,919,919,1139
1310,1149,1349,1405,1688,1556,1589,1457,1484,1196,1196,605,477,425,-48,-216,-565,-737,-704,-960,-1035,-1283,-1070,-1191,-909,-817,-799,-710,-680,-485,-366,-284,-412,-237,-678,-461,-508,-478,-477,-619
1200,668,1070,606,794,535,273,145,-86,-221,-305,-618,-1050,-1005,-1499,-1424,-1866,-1508,-1910,-1475,-1845,-1482,-1242,-1110,-767,-705,-438,28,26,397,277,631,383,485,492,438,804,522,579,448
-789,-236,-235,369,574,934,734,1439,1177,1528,1692,1761,1799,1384,1735,1346,1251,994,578,493,461,3,83,43,-315,62,-408,-170,-477,-65,-367,-282,-199,-292,-252,-446,-431,-546,-661,-563
444,-45,479,236,569,119,473,330,310,36,-232,-239,-475,-776,-651,-1203,-1058,-1233,-1160,-1304,-1371,-1335,-1259,-1034,-1024,-811,-1148,-733,-699,-389,-367,-338,91,-90,506,449,689,922,1214,1226
-352,-68,-95,261,120,328,544,969,804,1281,1467,1547,1337,1766,1478,1454,1267,1202,838,915,439,359,62,66,-349,-301,-741,-717,-826,-1159,-1166,-1269,-1431,-1261,-1605,-1446,-1411,-1522,-1164,-1319
-80,-624,-144,-446,-284,-698,-624,-611,-655,-788,-1083,-876,-1319,-985,-1174,-1221,-1288,-1390,-1001,-959,-948,-576,-242,-94,472,667,682,1141,1283,1617,1543,1496,1556,1539,1364,1331,1357,982,1152,727
-679,-152,-11,142,602,779,1097,990,1314,1051,1195,1368,1273,1221,1080,718,675,628,572,369,530,112,387,444,453,374,448,194,293,209,455,234,162,62,56,-1,-456,-305,-631,-364
-322,-402,-221,-238,-196,-312,-186,-398,-293,-260,-413,-550,-599,-488,-691,-887,-673,-858,-713,-1004,-621,-1049,-506,-742,-729,-702,-768,-712,-401,-604,-292,-518,-165,-285,246,-71,471,446,1110,906
621,978,1101,1297,1291,1394,1487,1498,1279,1440,1139,911,696,512,511,237,515,209,356,-76,129,-72,50,46,123,17,37,138,94,-162,-16,-362,-504,-397,-750,-571,-606,-753,-962,-900
823,438,923,621,758,647,678,708,693,622,671,780,688,797,876,664,789,696,679,883,459,708,423,211,-21,-343,-499,-750,-1006,-1448,-1572,-1756,-1556,-1686,-1625,-1753,-1601,-1493,-1362,-797
1274,457,881,174,212,-230,-466,-904,-834,-1470,-1464,-1545,-1496,-1636,-1708,-1435,-1536,-1301,-1092,-1065,-1006,-731,-761,-434,-320,-339,-137,7,225,360,246,367,471,903,708,998,934,812,1109,828
-456,-323,-726,-390,-512,-581,-756,-787,-750,-843,-1095,-839,-1348,-1165,-1465,-1157,-1089,-980,-932,-610,-480,-369,-72,227,681,663,953,1195,1335,1734,1356,1603,1453,1385,1479,1453,1101,1143,1010,830
-2082,-920,-1948,-1213,-1488,-1365,-1408,-983,-1245,-821,-1010,-565,-619,-374,-205,32,206,350,651,808,1006,1120,1124,1326,1534,1475,1598,1226,1303,1085,996,688,580,159,459,-72,-43,-280,-217,-181
-1676,-1423,-1711,-1403,-1228,-1097,-797,-475,-360,32,162,360,417,443,618,710,666,434,517,308,561,247,244,190,427,201,386,292,745,521,899,778,893,950,933,1052,902,972,698,533
-147,185,-127,199,-250,-19,-316,-219,-459,-334,-615,-742,-976,-1299,-1080,-1476,-1390,-1829,-1672,-1384,-1590,-1226,-1235,-668,-849,-404,-148,164,561,732,1176,1120,1446,1171,1437,1167,1571,1375,1306,1023
-1526,-950,-1573,-1179,-1434,-1473,-1410,-1354,-1369,-1142,-1116,-1249,-1238,-788,-886,-818,-489,-175,22,319,455,442,843,1121,1239,1186,1307,1514,1440,1251,1128,1206,874,787,500,379,438,326,297,33
1362,1138,1469,1733,1506,1650,1747,1436,1679,1342,1176,960,756,608,483,74,72,-162,-68,-344,-114,-533,-200,-725,-531,-512,-435,-779,-691,-723,-686,-988,-856,-672,-705,-883,-503,-751,-630,-483
-2049,-1656,-1605,-1480,-1384,-1305,-1011,-513,-650,-50,84,192,520,506,620,873,822,906,708,781,758,453,557,658,630,495,666,440,565,465,544,672,820,708,780,455,687,138,318,318
-771,-521,-831,-881,-1041,-1048,-1031,-1054,-1001,-1215,-1087,-1185,-1207,-1204,-968,-788,-644,-345,-33,365,466,759,1125,1351,1335,1724,1697,1879,1810,1462,1565,1302,939,969,888,405,590,160,345,16
-560,-652,-986,-1143,-1278,-1376,-1437,-1702,-1382,-1462,-1406,-1522,-1142,-995,-1015,-943,-660,-652,-369,-472,-174,-213,65,304,168,741,603,956,955,1207,1134,1168,953,894,714,940,658,664,540,272
214,241,578,237,647,308,281,185,113,107,29,53,-221,-285,-421,-602,-665,-598,-472,-642,-651,-1004,-641,-1007,-842,-1158,-1161,-1009,-1142,-1224,-1253,-1020,-1028,-927,-460,-520,32,-73,655,797
-374,608,207,806,1047,1164,1032,1411,1099,1188,1167,1253,1089,1100,988,823,736,558,812,377,681,193,370,141,425,0,291,-50,83,-363,-232,-223,-240,-407,-595,-271,-627,-529,-488,-443
1260,706,1232,645,817,559,613,540,694,283,414,383,291,68,29,-230,-386,-434,-599,-698,-1127,-1333,-1231,-1749,-1675,-1626,-1796,-1578,-1515,-1576,-1134,-1105,-575,-512,-42,164,412,674,563,922
-537,275,-119,462,19,498,548,610,1030,1091,1397,1426,1292,1706,1490,1788,1537,1579,1300,1448,784,964,411,432,-280,-342,-506,-837,-722,-1312,-1018,-1239,-934,-1371,-998,-861,-1010,-597,-654,-472
-866,-664,-487,-302,-237,-171,381,307,546,866,1163,1326,1360,1617,1402,1667,1478,1419,1229,1107,985,864,816,834,429,279,301,232,-211,-394,-440,-651,-961,-1141,-1270,-1213,-1580,-1606,-1700,-1563
608,-283,212,-43,-88,98,185,17,410,532,570,720,665,992,822,1039,1238,978,1280,901,988,1037,780,550,449,506,124,188,280,-17,-323,-122,-714,-653,-907,-1127,-1421,-1470,-1563,-1574
-78,-343,433,-93,531,307,458,454,199,474,293,343,507,667,414,771,702,821,795,761,917,487,564,488,443,476,599,520,447,505,587,515,620,593,614,430,479,216,73,22
-1083,-947,-1191,-1166,-1367,-1568,-1511,-1603,-1522,-1289,-1184,-924,-626,-316,-326,145,232,724,978,1028,1040,1312,1198,1459,1208,1496,1375,1098,1361,1086,1243,1098,997,786,810,533,562,18,320,-415
-290,-122,-209,-165,-48,-450,-253,-418,-435,-156,-303,-186,-416,-122,-47,320,311,509,512,697,678,992,739,796,1085,889,1208,1066,923,901,1006,955,1231,1027,1037,924,859,705,205,369
-399,-81,-314,-204,-322,-224,-389,-202,-224,-4,295,244,882,590,1368,1198,1435,1698,1766,1644,1801,1591,1709,1226,1085,1046,612,257,244,-268,-166,-565,-728,-725,-1041,-745,-1250,-1031,-1326,-1132
-474,-684,-218,-283,-34,86,262,621,929,997,1198,1224,1634,1458,1820,1755,1840,1661,1420,1207,1247,918,519,450,-99,86,-602,-308,-664,-773,-828,-821,-431,-716,-577,-679,-441,-640,-343,-596
-639,-554,-482,-372,-343,-386,-150,-329,-110,-480,-251,-467,-425,-469,-404,-581,-37,-285,-107,270,240,472,440,806,1012,814,972,1052,1290,972,1346,917,1234,1220,1020,1092,1078,972,931,707
-1037,-348,-896,-559,-633,-353,-548,-399,-517,-161,-401,-144,-254,-212,-224,-492,-241,-114,-76,-76,-19,330,444,677,780,1045,1165,1629,1440,1842,1444,1934,1504,1599,1192,1064,893,706,401,264
219,141,-239,-393,-761,-875,-1115,-1097,-1378,-1194,-1599,-1170,-1673,-1275,-1208,-1070,-1119,-1033,-831,-892,-855,-631,-365,-397,104,-5,590,583,998,1121,1131,1243,1523,1581,1606,1571,1605,1366,1429,1160
43,428,265,541,331,136,350,59,232,90,190,452,350,731,789,1106,975,1229,1447,1246,1505,1174,1295,855,700,480,211,307,-313,-81,-677,-738,-1067,-1153,-1299,-1027,-1523,-1105,-1592,-1273
592,-40,322,-14,226,33,19,-145,195,238,434,519,696,859,1017,1031,967,1378,1002,1251,1312,1358,920,1091,614,962,572,422,361,-75,13,-178,-212,-380,-844,-684,-1013,-1135,-1175,-1580
-1467,-1234,-957,-944,-789,-689,-526,-379,-434,-193,-324,249,27,525,405,708,616,570,762,748,1052,737,891,733,882,718,803,589,569,343,459,407,125,491,311,552,411,842,500,817
-548,-535,-816,-584,-979,-1121,-1306,-1106,-1209,-1427,-1044,-1444,-767,-935,-746,-336,-211,209,333,579,886,1227,1159,1568,1137,1518,1240,1546,1467,1296,1502,1197,1076,929,892,936,580,531,359,19
938,230,400,242,-71,-21,-462,-265,-580,-112,-388,-58,-223,-429,-359,-287,-183,-425,-379,-567,-462,-648,-602,-798,-650,-1082,-929,-688,-834,-759,-908,-485,-776,-590,-528,-400,-306,-352,-509,-392
1089,743,1125,662,670,284,155,97,-112,-500,-814,-1105,-1299,-1516,-1752,-1789,-1608,-1798,-1740,-1524,-1663,-1150,-1199,-642,-650,-552,32,-49,210,320,416,617,496,640,683,839,800,857,799,851
-880,120,-422,11,11,-9,319,212,373,438,762,490,1025,814,1140,805,878,918,1000,887,820,502,529,436,526,427,391,126,467,174,448,538,709,590,722,500,593,243,407,-275
-1766,-1502,-1476,-1585,-1248,-1122,-729,-835,-538,-445,-7,70,425,341,542,825,607,1075,852,1349,1237,1572,1362,1326,1546,1551,1485,1262,1077,826,721,639,257,19,13,-189,-328,-438,-652,-707
-1233,-1055,-1111,-787,-831,-422,-428,-443,-168,97,284,357,606,836,897,1423,1440,1519,1546,1745,1421,1702,1421,1147,1144,797,631,517,159,12,-92,-368,-141,-279,-210,-458,-146,-298,-203,-375
1070,507,890,500,529,298,557,75,301,179,289,74,95,50,279,307,165,-2,140,41,28,-386,-358,-868,-903,-1221,-1167,-1581,-1481,-1634,-1570,-1451,-1413,-1547,-1258,-1188,-809,-696,-390,-16
-1551,-1519,-1645,-1453,-1558,-1398,-1363,-1171,-919,-559,-264,-133,301,501,742,888,846,1043,1081,1467,1411,1213,1205,1122,1350,1118,1066,962,892,1134,896,869,675,327,303,-45,-1,-263,-409,-843
482,-74,-57,-33,143,-161,191,161,-42,-31,-69,-36,-10,-244,-381,-383,-797,-532,-1192,-846,-1247,-1280,-1430,-1542,-1447,-1384,-1423,-1033,-792,-826,-337,-232,-190,246,164,384,415,660,1060,762
-1226,-687,-851,-384,-261,160,439,627,853,1041,1502,1381,1569,1451,1550,1667,1610,1361,1269,1196,1038,778,605,700,307,284,214,-84,-189,-331,-506,-473,-844,-807,-1271,-950,-1084,-1241,-988,-1357
-262,-863,-654,-1180,-1079,-1466,-1110,-1597,-1157,-1515,-1168,-1089,-880,-676,-582,-68,76,281,310,735,573,1129,967,1343,1258,1111,1449,1447,1346,1649,1184,1670,1220,1395,920,1183,753,722,30,132
-1427,-969,-1370,-1606,-1605,-1613,-1777,-1395,-1567,-1535,-1155,-1100,-594,-528,-337,167,421,766,865,1007,1064,1097,1257,1073,1392,956,912,803,761,597,903,523,682,620,466,695,290,490,505,490
562,1123,955,1476,1299,1325,1343,1180,1310,1139,1103,916,750,876,555,527,647,391,278,278,141,81,243,-150,3,-265,-319,-412,-286,-489,-511,-398,-692,-424,-581,-371,-525,-401,-487,-351
-1897,-1005,-1433,-924,-913,-783,-386,-528,-108,89,344,281,712,733,761,1137,954,1296,1122,1286,1491,1517,1442,1376,1205,1100,824,706,550,294,152,14,-23,-198,-269,-508,-338,-609,-442,-612
-585,-854,-1039,-1199,-1556,-1566,-1397,-1661,-1256,-1396,-999,-1200,-584,-847,-282,15,76,328,427,854,663,882,1090,1237,1410,1061,1246,1175,1257,1229,1379,1379,984,1036,973,687,593,308,195,-191
-259,-392,-162,-69,-107,124,94,-116,-24,343,242,388,478,480,592,716,609,744,577,630,707,609,728,664,684,419,542,768,532,812,628,720,983,899,956,628,737,511,290,142
-91,-234,-553,-611,-1262,-1145,-1442,-1327,-1222,-1236,-1383,-1013,-1109,-921,-636,-836,-515,-634,-450,-473,-515,-506,-471,-377,-269,-219,-147,-327,169,-72,33,393,397,390,595,586,631,396,521,603
-10,362,-51,279,-21,316,263,179,185,191,-41,3,-348,-462,-479,-598,-431,-666,-799,-605,-816,-674,-760,-881,-856,-1135,-787,-1184,-703,-1274,-793,-1140,-599,-735,-483,-245,-273,148,292,791
478,743,476,560,435,230,-23,84,-446,-164,-720,-740,-1172,-1222,-1572,-1526,-1749,-1746,-1921,-1535,-1726,-1184,-1304,-988,-816,-223,-199,337,111,625,572,956,789,934,1007,927,1178,1099,1253,1130
-902,-902,-1290,-1385,-1580,-1511,-1813,-1832,-1860,-1675,-1471,-1420,-1076,-914,-428,-479,-23,-10,479,327,810,852,921,970,962,852,1067,852,1095,1166,931,942,796,1158,848,890,827,470,656,83
1034,371,337,38,-27,-185,-75,-516,-366,-654,-690,-1065,-818,-1261,-1198,-1331,-1772,-1517,-1792,-1656,-1577,-1546,-1091,-1297,-527,-490,-123,146,227,796,513,937,1077,1010,1142,1235,982,937,1075,944
1098,1229,1070,1041,1095,579,749,489,142,-63,-384,-695,-887,-1181,-1450,-1503,-1429,-1833,-1555,-1805,-1327,-1524,-1314,-1256,-959,-1040,-850,-668,-352,-441,-267,-169,45,378,408,832,758,1214,1094,1378
-812,-296,-1195,-882,-1055,-1208,-1056,-1166,-1028,-1409,-930,-1466,-963,-1362,-1073,-848,-779,-786,-405,-345,-183,55,567,408,1110,1182,1509,1486,1587,1574,1897,1515,1499,1265,1340,1089,772,548,329,69
-1439,-717,-1289,-503,-576,-243,-140,49,342,382,364,564,346,731,239,570,117,355,169,288,203,289,552,637,523,897,516,931,688,851,884,1078,1011,743,702,663,629,428,489,92
87,52,-109,-220,-291,-599,-559,-582,-457,-497,-655,-453,-364,-721,-428,-711,-712,-653,-668,-577,-841,-534,-625,-575,-759,-616,-596,-564,-527,-531,-190,-504,-448,-196,-449,-52,-96,-134,-169,193
1572,1022,1509,1390,1153,1276,917,1099,446,515,456,288,29,-270,-383,-309,-649,-724,-807,-1293,-1145,-1367,-1550,-1589,-1585,-1647,-1648,-1349,-1617,-1201,-1012,-728,-644,-415,3,171,575,412,861,970
1033,1060,1332,1186,1130,1263,1096,1338,1010,916,656,462,-177,-259,-660,-917,-1029,-1114,-1212,-1631,-1612,-1330,-1471,-1421,-1348,-1248,-1415,-1045,-1281,-894,-948,-517,-498,-482,-272,90,98,366,597,553
-1501,-700,-1486,-1017,-1290,-666,-1138,-647,-878,-212,-731,-178,-400,-146,-413,-463,-340,-437,-593,-591,-543,-589,-456,-518,-165,-115,51,191,330,245,597,317,573,546,769,755,745,956,1077,906
498,480,445,610,1106,1058,1109,1166,1161,1414,1263,1155,994,866,906,568,428,-232,-159,-791,-830,-925,-1195,-1248,-1269,-1313,-1640,-1277,-1680,-1187,-1571,-1003,-1140,-1239,-814,-816,-660,-784,-519,-154
749,570,702,552,778,679,851,695,755,601,765,306,402,426,105,434,114,216,175,-51,19,111,-301,-126,-219,-457,-471,-699,-671,-818,-1250,-1290,-1407,-1391,-1534,-1672,-1587,-1461,-1174,-1353
1574,510,860,517,427,-64,-170,-685,-894,-890,-1174,-1241,-1408,-1317,-1291,-1356,-1528,-1254,-1283,-1281,-1308,-1093,-1250,-879,-738,-627,-552,-161,-137,362,319,605,625,950,885,993,921,940,1005,787
1085,464,518,357,219,285,-93,196,126,32,96,25,48,69,268,380,206,229,96,-147,-5,-517,-424,-913,-899,-1023,-1184,-1332,-1399,-1525,-1174,-1539,-1226,-1388,-885,-940,-633,-554,-574,-197
665,470,256,-68,-226,-340,-668,-971,-1084,-1243,-1320,-1511,-1390,-1670,-1659,-1533,-1304,-1409,-1236,-826,-925,-432,-658,-77,-316,-101,2,185,375,842,963,1013,1261,1170,1504,1566,1281,1400,1285,1322
-869,-458,-1249,-676,-1438,-1193,-1182,-1220,-1359,-1211,-1433,-1177,-1171,-931,-787,-603,-372,-321,-167,234,222,105,272,235,32,252,179,102,-39,113,26,-85,44,330,534,345,812,872,1144,832
-609,-424,-584,-368,-571,-446,-500,-644,-631,-488,-676,-566,-973,-782,-759,-643,-727,-709,-666,-491,-509,-271,-467,-316,-376,-417,-350,-297,-252,-353,-77,-332,26,-17,84,301,499,1020,948,1302
678,556,746,421,446,47,198,25,-299,-413,-664,-525,-766,-943,-1146,-1123,-1330,-1158,-1388,-1229,-1098,-1258,-1313,-1021,-1189,-1213,-1021,-603,-616,-560,-232,115,174,891,949,1142,1164,1582,1500,1723
1393,1283,1349,1216,1221,1308,958,949,735,638,309,86,-270,-295,-524,-793,-830,-784,-960,-697,-848,-772,-576,-396,-574,-460,-495,-233,-571,-201,-420,-413,-532,-865,-596,-786,-758,-718,-990,-815
8,-610,-378,-327,-505,-390,-664,-233,-801,-537,-624,-458,-777,-579,-977,-473,-813,-537,-680,-686,-599,-478,-707,-472,-560,-182,-554,-383,-489,-209,-379,-579,-199,-337,-78,-316,3,336,589,487
914,467,797,157,354,-87,-26,-736,-621,-803,-1083,-1013,-995,-1080,-1162,-1434,-1357,-1286,-1227,-1474,-1225,-1289,-1359,-957,-915,-641,-558,-131,-54,53,588,821,778,1239,1070,1564,1274,1381,1405,1260
590,685,531,499,371,68,99,-341,-52,-641,-611,-671,-557,-770,-1078,-852,-1133,-1243,-1220,-1342,-1059,-1254,-1378,-1238,-1501,-1183,-1257,-886,-554,-424,-295,73,244,819,1092,1255,1513,1509,1670,1683
958,919,566,653,583,148,285,66,-50,-501,-654,-715,-932,-939,-1002,-981,-1139,-1093,-810,-793,-852,-624,-480,-278,-520,-384,-380,-163,-351,-226,-429,-638,-721,-518,-758,-479,-569,-288,-411,-118
-288,-210,7,8,211,306,488,113,520,154,479,211,281,279,317,83,304,356,665,542,814,867,1189,961,1209,1373,1349,1305,1331,965,888,621,399,-63,33,-301,-560,-778,-1219,-1157
1043,521,592,122,53,-100,-254,-760,-694,-1378,-1421,-1734,-1705,-1646,-1662,-1622,-1570,-1624,-1410,-943,-1028,-838,-495,-464,-108,-155,63,416,251,714,614,824,976,1126,1160,1312,1163,1329,1115,1237
687,959,503,903,707,788,983,908,1100,1098,1280,1175,942,844,669,515,425,258,-97,-254,-807,-955,-1280,-1553,-1483,-1598,-1909,-1549,-1818,-1602,-1592,-1428,-1274,-982,-738,-650,-480,-34,-197,159
-342,-447,-791,-759,-947,-949,-1019,-1286,-1422,-1432,-1223,-1587,-1176,-1426,-1369,-1212,-1032,-1134,-735,-688,-558,-164,-314,246,49,438,806,793,883,826,1102,1004,836,610,655,391,679,202,470,373
-751,-393,-665,-775,-1053,-1025,-1168,-819,-1096,-1075,-1064,-951,-852,-354,-385,-357,-382,-411,-286,-356,-228,-481,-336,-432,-336,-517,-301,-497,-214,-577,-75,55,229,315,616,873,983,1260,1311,1559
-284,221,-193,-148,54,1,-127,150,-275,-10,-340,-98,-481,-189,-556,-371,-703,-685,-932,-834,-1043,-844,-810,-795,-700,-900,-847,-675,-647,-668,-693,-691,-732,-567,-409,-111,55,247,441,409
-582,-486,-1156,-1084,-1381,-1219,-1492,-1360,-1449,-1300,-1557,-1397,-1291,-1230,-1184,-1143,-984,-954,-522,-421,-343,-259,56,259,339,676,743,972,1119,1458,1287,1343,1169,1240,1045,887,575,795,505,437
-464,-264,-703,-636,-698,-881,-1083,-939,-906,-1146,-727,-1118,-777,-914,-594,-596,-436,-485,-65,-198,-230,-326,-313,-244,-483,-498,-473,-698,-637,-346,-569,-255,-216,177,321,744,518,1179,1013,1473
-954,-84,-872,-361,-596,-507,-589,-351,-112,-109,293,286,644,431,818,686,962,908,1101,1120,1105,1339,936,1168,1236,1197,1125,1071,995,998,745,653,224,340,-30,-268,-803,-660,-1041,-1249
972,518,963,441,872,551,616,410,400,469,485,579,502,549,533,925,715,957,609,607,401,515,251,524,136,440,60,324,-271,-92,-283,-313,-181,-347,-665,-586,-863,-879,-1068,-1294
-1251,-1159,-1188,-928,-863,-552,-86,-30,309,492,949,1244,1239,1413,1539,1513,1505,1517,1334,1147,963,779,695,622,424,491,92,21,-153,130,-248,-27,-326,-217,-204,-394,-385,-506,-443,-640
1265,898,1113,945,1201,912,899,899,627,565,589,441,316,201,-131,-314,-141,-677,-663,-936,-1068,-1182,-1189,-1565,-1526,-1565,-1687,-1605,-1501,-1663,-1279,-1380,-672,-651,-395,-1,53,632,546,993
-1172,-790,-1058,-864,-1221,-709,-1242,-702,-928,-568,-640,-368,-205,-97,-83,-310,-85,-571,-101,-455,-267,-573,-668,-531,-391,-336,-136,-195,185,105,679,629,860,1115,1096,1286,1346,1263,1515,1348
-701,104,-469,-290,-615,-436,-892,-967,-1010,-1032,-1462,-1094,-1405,-1213,-1248,-994,-1135,-656,-610,-223,61,364,461,902,695,1170,1064,1381,1437,1201,1408,1541,1413,1538,1133,1484,1099,1145,1059,655
494,312,385,312,303,450,317,327,211,264,608,622,485,762,748,1118,904,1201,1342,1364,1276,1196,752,895,407,354,-62,-261,-368,-893,-988,-1138,-1256,-1332,-1317,-1427,-1576,-1532,-1553,-1406
684,351,553,626,840,609,795,868,998,577,879,531,414,77,207,-247,-318,-975,-699,-1421,-1196,-1615,-1318,-1864,-1490,-1449,-1611,-1236,-1486,-889,-982,-880,-565,-409,-232,-195,-135,88,228,387
177,308,-35,-130,-114,-337,-586,-459,-603,-907,-916,-831,-1003,-1137,-895,-1267,-1043,-1065,-824,-1060,-956,-825,-912,-587,-610,-463,-226,-51,136,265,441,728,972,1289,1447,1786,1466,1927,1716,1928
1548,1881,1310,1407,876,1058,334,380,64,-178,-510,-708,-1008,-1160,-1164,-1380,-1393,-1023,-1273,-1136,-1174,-1151,-740,-1056,-547,-940,-541,-646,-711,-471,-554,-352,-296,-44,37,88,137,426,459,284
1055,799,721,977,684,807,254,492,-195,-167,-403,-669,-914,-1195,-1277,-1046,-1575,-1296,-1652,-1391,-1330,-1294,-1178,-1399,-988,-1147,-735,-736,-522,-625,-287,-79,280,294,664,784,1030,1388,1300,1562
-1241,-20,-833,-547,-442,-616,-586,-641,-363,-599,-424,-594,-840,-882,-761,-700,-656,-629,-752,-408,-244,-16,342,600,812,975,1068,1331,1544,1462,1579,1769,1768,1666,1495,1415,896,1121,828,770
13,410,-13,208,185,-113,45,-308,-118,-636,-218,-756,-498,-915,-745,-1171,-1043,-955,-1176,-849,-1011,-782,-1037,-909,-739,-998,-795,-605,-642,-292,-378,-273,233,378,531,858,1190,1428,1529,1657
880,847,822,823,466,818,367,480,153,109,-211,86,-437,-384,-676,-758,-643,-1127,-972,-1156,-1163,-1577,-1639,-1649,-1797,-1741,-1687,-1349,-1103,-999,-754,-455,-143,255,263,782,936,1180,1036,1272
330,913,631,1006,932,1155,1346,1496,1271,1714,1195,1604,1519,1539,1143,1098,911,789,442,-48,-216,-491,-799,-840,-1321,-1075,-1325,-1486,-1233,-1207,-1345,-867,-1132,-783,-904,-523,-460,-287,-432,-155
-157,-132,154,307,343,260,476,625,617,815,511,828,965,964,664,731,790,917,530,607,401,573,273,522,179,274,177,287,523,426,458,405,618,616,639,212,62,-50,-395,-323
-878,-48,-45,140,423,961,933,1324,1162,1787,1597,1666,1350,1635,1264,1092,927,650,698,451,405,166,181,198,-44,208,67,157,94,2,-97,-417,-218,-411,-600,-378,-720,-584,-816,-671
-542,-530,-584,-597,-894,-622,-981,-631,-616,-816,-484,-594,-541,-468,-475,-64,-445,47,-169,-196,-57,-111,5,81,302,433,521,908,1045,1011,1374,1287,1743,1736,1763,1678,1434,1408,925,855
418,267,-98,-240,-536,-876,-1108,-1131,-1287,-1538,-1371,-1487,-1446,-1624,-1177,-1540,-965,-1011,-946,-656,-655,-604,-346,-302,47,-29,311,618,797,1023,995,1305,1339,1638,1289,1427,1341,1286,1325,778
607,869,837,734,878,794,819,524,809,447,304,-11,-90,-167,-448,-272,-787,-439,-695,-860,-1060,-886,-1187,-1252,-1463,-1183,-1579,-1453,-1458,-1193,-1549,-974,-1024,-689,-403,-466,-52,290,485,1107
-1554,-321,-1480,-438,-941,-536,-709,-614,-329,-437,-85,-309,92,30,162,231,25,189,194,247,-68,70,116,-68,164,18,303,354,506,902,782,1040,1255,1228,1621,1303,1656,1220,1286,1024
32,555,155,427,573,605,681,660,778,920,636,989,650,1188,823,838,940,627,634,334,627,318,468,-13,289,71,299,2,230,300,484,259,276,64,189,-171,24,-190,-548,-803
1281,377,927,683,474,518,282,278,258,423,121,452,295,556,785,565,833,808,1114,869,906,819,364,516,153,-120,52,-429,-387,-842,-868,-1040,-992,-1139,-1288,-1117,-1500,-1267,-1240,-1426
-623,-598,-697,-687,-647,-328,-598,-89,-480,15,-312,-139,-574,-371,-625,-573,-1014,-1078,-1213,-958,-1047,-1001,-813,-905,-624,-631,-342,36,-26,537,299,652,845,928,1018,1254,1047,1305,1308,1349
-1925,-1039,-1676,-854,-1153,-481,-751,-265,-399,-308,55,256,293,589,844,646,1236,1142,1225,1526,1262,1575,1178,1203,1293,1035,862,508,682,351,151,90,36,-178,-261,-270,-117,-4,172,178
591,537,508,660,631,513,528,717,551,649,413,226,25,-238,-216,-661,-1002,-993,-1531,-1214,-1698,-1529,-1493,-1619,-1343,-1476,-1327,-1052,-842,-783,-740,-392,-373,-20,-69,396,399,526,601,1112
-1005,-530,-1169,-699,-1335,-1323,-1545,-1479,-1454,-1459,-1185,-1251,-1301,-1017,-684,-600,-197,-391,84,47,271,117,566,184,519,36,326,213,344,-92,45,-14,124,192,236,514,463,682,918,947
1607,1542,1899,1424,1773,1333,1552,983,1286,902,940,679,424,438,47,18,93,-169,117,-208,-301,-487,-265,-451,-630,-827,-716,-690,-771,-636,-1016,-784,-702,-448,-768,-610,-594,-297,-680,-227
-1073,-856,-1002,-800,-700,-710,-765,-631,-524,-655,-645,-531,-538,-661,-747,-493,-422,-699,-305,-596,-175,-256,-182,-47,14,224,30,76,19,73,292,393,334,293,543,629,925,1080,940,1396
-1856,-373,-1407,-369,-769,-508,-552,-220,-287,-131,-158,-112,-419,-193,-497,-302,-240,-357,-389,-80,31,-97,42,157,531,180,565,581,667,838,929,826,907,819,929,943,1111,1125,1311,949
704,647,643,583,691,839,531,820,404,343,-97,120,-510,-756,-991,-931,-1519,-1259,-1671,-1572,-1849,-1494,-1898,-1344,-1490,-1036,-981,-649,-732,-293,-94,167,254,536,576,795,778,692,1099,822
-506,-161,-648,-278,-425,-648,-600,-655,-708,-865,-733,-1018,-642,-987,-617,-876,-617,-491,-396,-255,-418,-187,-164,-209,-154,125,297,220,289,664,672,1122,977,1433,1367,1460,1753,1744,1731,1474
1339,1308,1398,1412,1326,1100,1003,827,685,513,282,-147,-278,-780,-965,-1011,-1481,-1306,-1724,-1685,-1384,-1370,-1427,-1403,-984,-1118,-614,-584,-258,-306,-162,-218,95,-257,-127,-34,36,34,250,348
1333,1345,1522,1476,1771,1320,1621,1118,1251,1142,1001,1107,481,668,428,405,31,-83,-298,-289,-799,-667,-953,-1100,-1100,-1317,-1613,-1400,-1531,-1485,-1241,-1110,-1235,-937,-778,-274,-443,116,90,57
324,436,522,531,634,633,317,594,217,509,136,341,-7,245,-169,44,-465,-163,-544,-629,-519,-652,-837,-800,-789,-819,-1133,-870,-1453,-1143,-1493,-1363,-1107,-1142,-991,-842,-732,-347,-387,157
-1099,-723,-980,-684,-724,-748,-704,-353,-311,-190,-71,-310,-85,-64,-148,-185,-100,-484,-138,-145,-54,-233,111,102,94,529,425,994,1162,1267,1431,1544,1693,1392,1491,1417,1286,1062,860,649
421,710,562,572,597,639,404,625,546,466,295,247,55,30,-415,-683,-679,-973,-1205,-1564,-1537,-1714,-1832,-1551,-1666,-1616,-1195,-1136,-1132,-527,-744,-264,59,302,491,488,785,626,797,935
-1340,-541,-1161,-682,-966,-694,-470,-629,-336,-440,-256,-269,188,-7,72,427,462,493,979,1087,1353,1419,1603,1562,1687,1843,1620,1745,1400,1401,995,851,225,386,-65,-168,-576,-749,-1167,-1152
632,264,670,535,730,824,1248,1150,1026,1298,1198,1199,1357,981,1147,897,837,519,338,214,52,-156,-139,-236,-42,-102,-204,22,-104,112,178,-97,25,-134,-101,-221,-305,-563,-700,-765
-723,-546,-733,-680,-543,-519,-624,-375,-450,-654,-694,-640,-320,-411,-346,-251,-341,-262,18,-114,124,257,211,352,147,541,497,585,486,685,678,1061,875,1229,1381,1408,1260,1339,1400,1510
-1022,-302,-929,-534,-1153,-948,-1309,-1170,-1253,-1029,-1087,-1217,-1095,-691,-745,-95,90,280,697,851,1085,1129,1391,1299,1515,1577,1570,1414,1253,1196,1219,1022,972,1017,893,631,770,444,282,21
761,19,412,-207,134,-601,-422,-602,-668,-852,-1137,-1338,-1430,-1552,-1351,-1508,-1221,-1389,-1147,-1393,-776,-982,-397,-269,-319,101,150,344,259,302,314,626,494,402,167,406,227,172,225,178
-1358,-721,-1483,-794,-1075,-687,-835,-423,-432,-86,-30,260,483,784,505,869,806,1340,998,1538,1348,1583,1155,1626,1345,1472,1191,1477,1102,838,737,730,409,-8,-160,-505,-535,-925,-1251,-1352
1442,725,1575,936,1369,1134,1247,1080,1107,917,921,609,840,155,369,138,-69,-271,-578,-486,-768,-660,-536,-635,-677,-446,-442,-395,-208,-133,-106,-234,-467,-389,-442,-690,-937,-987,-903,-1149
930,-57,654,-266,143,-564,-499,-485,-1019,-1018,-1141,-1209,-1441,-1153,-1280,-1323,-1182,-1045,-1009,-884,-469,-375,-459,-151,81,-96,-17,-31,186,-121,152,-328,-36,-221,-245,58,-73,-36,311,308
-1581,-1275,-1847,-1646,-1537,-1450,-1583,-1525,-1089,-1162,-833,-680,-371,-39,103,423,431,799,592,795,1029,803,701,880,445,621,516,607,492,595,632,345,476,449,584,868,813,721,485,812
-166,774,478,1071,1122,1436,1298,1616,1388,1567,1024,1202,1099,741,876,482,595,263,194,343,93,163,-39,187,145,321,148,100,178,146,-119,-14,-328,-275,-296,-352,-754,-728,-647,-757
1066,573,1331,797,1142,646,1028,694,803,441,767,362,695,444,669,638,739,768,687,436,399,283,220,105,152,78,227,-249,50,-131,-242,-224,-166,-502,-546,-441,-687,-591,-1015,-1075
-883,-824,-547,-684,-339,-27,246,332,712,854,1016,824,1167,1089,1531,1235,1505,1341,1436,1113,1326,1247,954,913,832,935,574,491,351,94,-56,-531,-760,-843,-1120,-1214,-1396,-1506,-1611,-1427
627,-384,220,-479,-42,-304,-387,-518,-721,-774,-656,-831,-686,-724,-468,-467,-653,-413,-379,-376,-334,-491,-657,-633,-892,-721,-912,-858,-792,-1002,-1010,-732,-679,-468,-259,171,88,451,754,963
1682,1487,1778,1631,1729,1679,1292,1138,1026,789,715,305,14,-293,-567,-808,-795,-846,-735,-846,-734,-961,-811,-668,-703,-663,-674,-408,-571,-638,-560,-746,-521,-863,-531,-868,-369,-609,-589,-493
975,515,764,756,828,700,627,594,460,515,425,548,419,357,16,308,-69,-16,-233,-232,-303,-686,-877,-761,-1363,-1180,-1378,-1673,-1547,-1580,-1805,-1622,-1517,-1373,-906,-1014,-366,-416,115,394
